name,acc,acc_std,f1,f1_std,auroc,auroc_std,auprc,auprc_std,time_s
GCN (PBSG),0.893744787322769,0.019888385068609002,0.8838993073912109,0.02198959026839361,0.9351564552857156,0.008827984449778014,0.9610360736233974,0.005902891472882719,158.71419215202332
GINE (PBSG),0.8882235195996664,0.019816934983434033,0.8748113005335068,0.02242855758869734,0.9348258313424969,0.01848841689597119,0.9597836133847994,0.01124226870951894,88.2300078868866
GATV2 (PBSG),0.8937281067556297,0.023793436012811867,0.881773312290776,0.02802607240933201,0.9376211884399568,0.010151431522570063,0.9599452869035282,0.0058103714026361605,164.54637098312378
GCN (SMILES),0.8644537114261885,0.015899161998839305,0.8484879507377899,0.020791843758251584,0.9081130517909909,0.019914618414466786,0.943147081023606,0.015140718071570372,627.0022692680359
GINE (SMILES),0.8626188490408673,0.02021161681539244,0.8424378112075193,0.024258076850754606,0.9106255416645732,0.021449689892113193,0.94365588281083,0.01442236917367746,3643.3798489570618
GATV2 (SMILES),0.8644370308590492,0.03743223332317844,0.8437833737559526,0.05270519139800328,0.9118571499913877,0.025387272326711802,0.9470495781787877,0.018323450576807756,1139.8537187576294
GCN (SMILES_gl),0.8699582985821518,0.009048558106925682,0.8532921882921883,0.011876376728960924,0.9237766314623306,0.006650284565970992,0.9536669711137538,0.0062712420742379,1618.3639528751373
GINE (SMILES_gl),0.8718265221017514,0.015038657611612346,0.8563026613237057,0.01681153692996878,0.9162372658520723,0.01548371265983325,0.947722646842258,0.01206728432096816,313.14417719841003
GATV2 (SMILES_gl),0.8846205170975814,0.0123881261513807,0.8711050989126109,0.013084573424975335,0.9335207224340525,0.004551331044101593,0.9615646269580804,0.002861191008410752,3613.734402656555
LR (FP RU),0.844303586321935,0.021044133691932584,0.8146125544614728,0.03235961240238935,0.8810385601637043,0.01299959885044599,0.9195071347934066,0.010069180685643022,0.5649111270904541
RF (FP RU),0.8406672226855714,0.030434680981315847,0.8099369831124313,0.04875047962747198,0.8809857346287325,0.0247912312536024,0.9211604987912834,0.021174566511974247,2.028139114379883
XGB (FP RU),0.8516263552960801,0.014873791500557726,0.8265065726016922,0.02120381445172554,0.8785069645265955,0.021974527660367792,0.9200034082230412,0.015570484297142069,1.5020520687103271
LR (FP+pooled RU),0.8809174311926606,0.015573647834071894,0.8678489022754988,0.017012898085083678,0.9204054275719014,0.015433262111404868,0.9490178449171729,0.009695145107208748,4.719480752944946
RF (FP+pooled RU),0.8919099249374478,0.00929633013717614,0.8788082026401272,0.010962039207243535,0.938599639130193,0.005641776526852142,0.9617336978227684,0.005824140521214737,1.7008161544799805
XGB (FP+pooled RU),0.8846705587989993,0.02101211257476759,0.8713978446786665,0.023606246055085985,0.941180594697643,0.009113337568500688,0.9645341495822747,0.005248848355766962,0.4986090660095215
LR (FP poly),0.860817347789825,0.02115437916167255,0.8415788845806007,0.02686578988808314,0.8865170889264882,0.02193206319481256,0.917969504232332,0.01935995685446622,0.47139477729797363
RF (FP poly),0.8607839866555462,0.024313973679834896,0.842188646052173,0.028882518862647543,0.9002314614068879,0.020670067187432667,0.9358595174136337,0.016546240150412273,0.9513828754425049
XGB (FP poly),0.8516430358632194,0.01962321088629565,0.8286359246608346,0.02719143333566875,0.8968946310885464,0.0184512875768799,0.9297610496243817,0.017331670292713864,1.0742018222808838
LR (FP+pooled poly),0.8754628857381151,0.022136966610872368,0.8576025924145568,0.02641846914916074,0.9193348313977519,0.013435368898171055,0.9470157136428767,0.00930193140206047,3.327566623687744
RF (FP+pooled poly),0.8919099249374479,0.015961132562342852,0.8797487419923525,0.018354936343723722,0.9381189907161656,0.009160904352805914,0.9607774561579172,0.005859409546733908,1.2969071865081787
XGB (FP+pooled poly),0.8864553794829024,0.022869392130189133,0.8705820177926586,0.02882398008329721,0.9391841824571678,0.00840623305739131,0.9626036469364283,0.00431609811555688,2.1489851474761963
