name,fold,acc,f1,auroc,auprc
GCN (PBSG),1,0.9090909090909091,0.9006861682918021,0.9490986214209968,0.9681022002979449
GCN (PBSG),2,0.8807339449541285,0.8678787878787879,0.9255738880918222,0.9512033090738918
GCN (PBSG),3,0.8990825688073395,0.8929941990182955,0.934963768115942,0.9637367670302776
GCN (PBSG),4,0.9174311926605505,0.9085314685314685,0.9399555226093402,0.9642558400633736
GCN (PBSG),5,0.8623853211009175,0.8494059132357005,0.9261904761904761,0.957882251651499
GINE (PBSG),1,0.9181818181818182,0.9089655172413793,0.9621774478614352,0.9758428626225165
GINE (PBSG),2,0.8715596330275229,0.8617753623188406,0.9313127690100431,0.9575959950869661
GINE (PBSG),3,0.8899082568807339,0.871764705882353,0.9335144927536232,0.9539408053221944
GINE (PBSG),4,0.8990825688073395,0.8882051282051282,0.9421793921423276,0.9680754699494012
GINE (PBSG),5,0.8623853211009175,0.8433457890198333,0.904945054945055,0.9434629339429184
GATV2 (PBSG),1,0.9181818181818182,0.91008991008991,0.9547543301519972,0.9712516873902671
GATV2 (PBSG),2,0.908256880733945,0.901268115942029,0.9392037302725968,0.9591263344459158
GATV2 (PBSG),3,0.8807339449541285,0.8621729403754499,0.9327898550724637,0.9554131260865794
GATV2 (PBSG),4,0.908256880733945,0.8989992587101556,0.9377316530763529,0.9559617855719009
GATV2 (PBSG),5,0.8532110091743119,0.8363363363363363,0.9236263736263737,0.9579735010229777
GCN (SMILES),1,0.8727272727272727,0.8592836257309941,0.9176387416048074,0.9517477853026104
GCN (SMILES),2,0.8440366972477065,0.8386029091542548,0.8914992826398852,0.9306184718083629
GCN (SMILES),3,0.8623853211009175,0.8433457890198333,0.9277173913043478,0.9572806449895696
GCN (SMILES),4,0.8899082568807339,0.8815217391304347,0.9258710155670866,0.9562573400325944
GCN (SMILES),5,0.8532110091743119,0.8196856906534327,0.8778388278388278,0.919831162984893
GINE (SMILES),1,0.8727272727272727,0.8510061919504643,0.9176387416048074,0.9442074744743943
GINE (SMILES),2,0.8348623853211009,0.8106177606177607,0.8979555236728838,0.9377494932218791
GINE (SMILES),3,0.8899082568807339,0.8802197802197802,0.9371376811594203,0.9623966257567409
GINE (SMILES),4,0.8715596330275229,0.8478867623604466,0.9243884358784286,0.953756164353289
GINE (SMILES),5,0.8440366972477065,0.8224585608891444,0.876007326007326,0.9201696562478467
GATV2 (SMILES),1,0.8818181818181818,0.8685057471264368,0.9240014139271829,0.9564442990487305
GATV2 (SMILES),2,0.8348623853211009,0.8133561643835616,0.8868364418938307,0.921728992681968
GATV2 (SMILES),3,0.908256880733945,0.9022596843615496,0.9451086956521739,0.9686709053854514
GATV2 (SMILES),4,0.8899082568807339,0.8787991104521868,0.9255003706449221,0.959460458193682
GATV2 (SMILES),5,0.8073394495412844,0.7559961624560281,0.8778388278388278,0.9289432355841065
GCN (SMILES_gl),1,0.8727272727272727,0.8533333333333333,0.9300106044538706,0.9577105825906909
GCN (SMILES_gl),2,0.8532110091743119,0.8316602316602317,0.9184002869440459,0.9436712376235994
GCN (SMILES_gl),3,0.8715596330275229,0.8567942942942943,0.9146739130434783,0.9490106415011269
GCN (SMILES_gl),4,0.8807339449541285,0.8678787878787879,0.9321719792438844,0.9600725314751858
GCN (SMILES_gl),5,0.8715596330275229,0.8567942942942943,0.9236263736263737,0.957869862378166
GINE (SMILES_gl),1,0.8545454545454545,0.8323809523809524,0.9116295510781195,0.9453855296915618
GINE (SMILES_gl),2,0.8807339449541285,0.8661313179026925,0.9237804878048781,0.9458291902939149
GINE (SMILES_gl),3,0.8532110091743119,0.8420289855072465,0.8882246376811594,0.9275850774259812
GINE (SMILES_gl),4,0.8807339449541285,0.8621729403754499,0.9255003706449222,0.9570236160171299
GINE (SMILES_gl),5,0.8899082568807339,0.8787991104521868,0.9320512820512821,0.9627898207827019
GATV2 (SMILES_gl),1,0.8818181818181818,0.8685057471264368,0.9388476493460587,0.9652393995838324
GATV2 (SMILES_gl),2,0.8807339449541285,0.8642330171505221,0.9302367288378767,0.9582795346527222
GATV2 (SMILES_gl),3,0.8807339449541285,0.8678787878787879,0.9346014492753624,0.9595893407784843
GATV2 (SMILES_gl),4,0.908256880733945,0.8963089802130898,0.9373610081541883,0.9647529941391346
GATV2 (SMILES_gl),5,0.8715596330275229,0.8585989621942179,0.9265567765567766,0.9599618656362281
LR (FP RU),1,0.8545454545454545,0.8370973713439467,0.8784022622834924,0.9187677289575671
LR (FP RU),2,0.8623853211009175,0.8409687773562884,0.9006456241032998,0.9227817656403757
LR (FP RU),3,0.8073394495412844,0.7609898715672967,0.8706521739130435,0.917451708371917
LR (FP RU),4,0.8623853211009175,0.8409687773562884,0.8904744255003707,0.9349409745086183
LR (FP RU),5,0.8348623853211009,0.7930379746835443,0.865018315018315,0.9035934964885552
RF (FP RU),1,0.8363636363636363,0.80843653250774,0.8720395899611171,0.9181928763356114
RF (FP RU),2,0.8715596330275229,0.8527027027027028,0.9160688665710186,0.9437077168313199
RF (FP RU),3,0.8348623853211009,0.8133561643835616,0.8655797101449276,0.90685097347228
RF (FP RU),4,0.8715596330275229,0.8548325722983257,0.9027057079318013,0.945966110291924
RF (FP RU),5,0.7889908256880734,0.7203569436698272,0.8485347985347985,0.8910848170252812
XGB (FP RU),1,0.8636363636363636,0.8440306267133,0.897843761046306,0.9332028845586892
XGB (FP RU),2,0.8623853211009175,0.8433457890198333,0.8945480631276901,0.9270422157686609
XGB (FP RU),3,0.8256880733944955,0.7952950479391123,0.8797101449275363,0.9193790840178667
XGB (FP RU),4,0.8623853211009175,0.8433457890198333,0.8838028169014085,0.9301424233618976
XGB (FP RU),5,0.8440366972477065,0.8065156103163831,0.8366300366300365,0.8902504334080918
LR (FP+pooled RU),1,0.9,0.8901098901098901,0.943796394485684,0.9630696557125985
LR (FP+pooled RU),2,0.8715596330275229,0.8527027027027028,0.9105093256814921,0.9415732868099599
LR (FP+pooled RU),3,0.8623853211009175,0.8511064566068665,0.9005434782608696,0.9399646873345339
LR (FP+pooled RU),4,0.8990825688073395,0.8867264997638167,0.9154929577464789,0.9421120375077208
LR (FP+pooled RU),5,0.8715596330275229,0.8585989621942179,0.9316849816849817,0.9583695572210518
RF (FP+pooled RU),1,0.9090909090909091,0.8981858570899667,0.9356663131848709,0.9585254342916608
RF (FP+pooled RU),2,0.8807339449541285,0.8642330171505221,0.9348995695839312,0.9611109100286797
RF (FP+pooled RU),3,0.8899082568807339,0.8787991104521868,0.9382246376811594,0.9540168619818061
RF (FP+pooled RU),4,0.8899082568807339,0.8755707762557078,0.9495922905856189,0.9715508975277903
RF (FP+pooled RU),5,0.8899082568807339,0.8772522522522522,0.9346153846153846,0.9634643852839045
XGB (FP+pooled RU),1,0.8545454545454545,0.8348348348348349,0.9328384588193708,0.9606772555452343
XGB (FP+pooled RU),2,0.8807339449541285,0.8678787878787879,0.9384863701578192,0.9622858804075901
XGB (FP+pooled RU),3,0.908256880733945,0.8963089802130898,0.9519927536231884,0.9616178022312776
XGB (FP+pooled RU),4,0.908256880733945,0.8977102102102102,0.9518161601186064,0.9749024978473652
XGB (FP+pooled RU),5,0.8715596330275229,0.8602564102564103,0.9307692307692308,0.9631873118799064
LR (FP poly),1,0.8545454545454545,0.8323809523809524,0.9105691056910569,0.9392091913759995
LR (FP poly),2,0.8807339449541285,0.8661313179026925,0.8873744619799139,0.9195903480356113
LR (FP poly),3,0.8348623853211009,0.8240674318507891,0.889855072463768,0.9096298006378155
LR (FP poly),4,0.8899082568807339,0.8787991104521868,0.8989992587101557,0.9356621498164017
LR (FP poly),5,0.8440366972477065,0.8065156103163831,0.8457875457875458,0.8857560312958327
RF (FP poly),1,0.8727272727272727,0.8592836257309941,0.9116295510781195,0.945389555075393
RF (FP poly),2,0.8623853211009175,0.8455361360415683,0.9099713055954088,0.942181459852783
RF (FP poly),3,0.8348623853211009,0.8076470588235294,0.8942028985507247,0.9283022349425759
RF (FP poly),4,0.8990825688073395,0.885120245281211,0.9223498888065232,0.955655729516045
RF (FP poly),5,0.8348623853211009,0.8133561643835616,0.863003663003663,0.9077686076813717
XGB (FP poly),1,0.8545454545454545,0.8323809523809524,0.904559915164369,0.9392836836745945
XGB (FP poly),2,0.8623853211009175,0.8455361360415683,0.9196556671449068,0.9472372630097223
XGB (FP poly),3,0.8256880733944955,0.8043457723193197,0.894927536231884,0.9273936245187112
XGB (FP poly),4,0.8807339449541285,0.8678787878787879,0.9015937731653076,0.9374062652603807
XGB (FP poly),5,0.8348623853211009,0.7930379746835443,0.8637362637362638,0.8974844116585001
LR (FP+pooled poly),1,0.8727272727272727,0.8554804804804805,0.9285966772711205,0.9557979979528782
LR (FP+pooled poly),2,0.8715596330275229,0.8548325722983257,0.9173242467718795,0.9469788102589007
LR (FP+pooled poly),3,0.8623853211009175,0.8455361360415683,0.9150362318840579,0.9334742185693806
LR (FP+pooled poly),4,0.9174311926605505,0.9060074734118999,0.9377316530763529,0.9583755315703292
LR (FP+pooled poly),5,0.8532110091743119,0.8261562998405103,0.897985347985348,0.9404520098628942
RF (FP+pooled poly),1,0.9090909090909091,0.8981858570899667,0.943796394485684,0.9634533433389382
RF (FP+pooled poly),2,0.8623853211009175,0.8455361360415683,0.9284433285509325,0.9548891459967929
RF (FP+pooled poly),3,0.8990825688073395,0.8895643363728469,0.9425724637681159,0.9584530797446944
RF (FP+pooled poly),4,0.8990825688073395,0.8882051282051282,0.9495922905856189,0.9709316541510178
RF (FP+pooled poly),5,0.8899082568807339,0.8772522522522522,0.9261904761904762,0.9561600575581432
XGB (FP+pooled poly),1,0.8818181818181818,0.8648265431515266,0.9374337221633086,0.9624310124863427
XGB (FP+pooled poly),2,0.8990825688073395,0.8882051282051282,0.9359756097560976,0.9589670475902003
XGB (FP+pooled poly),3,0.908256880733945,0.8963089802130898,0.9472826086956522,0.9613808338782752
XGB (FP+pooled poly),4,0.8990825688073395,0.8867264997638167,0.9492216456634543,0.9708525944739768
XGB (FP+pooled poly),5,0.8440366972477065,0.8168429376297321,0.9260073260073262,0.9593867462533469
