paper_ID,ID,repeat_units,name,sequence_type,lengths,reactivity_ratios,spatiality_rules,Pm,ee,Tm,has_Tm,beads_list,stereo_class,polymer_type,copolymer_type,Unnamed: 16
[1],1,[*]C(C(C(C)O[*])=C)=O,poly(M_BL),block,,,,0.49,,,False,['[*]C(C(C(C)O[*])=C)=O'],atactic,homopolymer,,
[1],2,[*]C(C(C(C)O[*])=C)=O,poly(M_BL),block,,,,0.29,,80.5,True,['[*]C(C(C(C)O[*])=C)=O'],stereo-irregular,homopolymer,,
[1],3,[*]C(C(C(C)O[*])=C)=O,poly(M_BL),block,,,,0.21,,109.2,True,['[*]C(C(C(C)O[*])=C)=O'],stereo-irregular,homopolymer,,
[1],4,[*]C(C(C(C)O[*])=C)=O,poly(M_BL),block,,,,0.91,,102.7,True,['[*]C(C(C(C)O[*])=C)=O'],isotactic,homopolymer,,
[2],5,[*]CC(C)(C(OC)=O)[*],PMMA,block,,,,0.945,,130.0,True,['[*]CC(C)(C(OC)=O)[*]'],isotactic,homopolymer,,
[2],6,[*]CC(C)(C(OC)=O)[*],PMMA,block,,,,0.54,,,False,['[*]CC(C)(C(OC)=O)[*]'],atactic,homopolymer,,
[2],7,[*]CC(C)(C(OC)=O)[*],PMMA,block,,,,0.18,,,False,['[*]CC(C)(C(OC)=O)[*]'],syndiotactic,homopolymer,,
[2],8,[*]CC(C)(C(OC)=O)[*],PMMA,block,,,,0.055,,,False,['[*]CC(C)(C(OC)=O)[*]'],syndiotactic,homopolymer,,
[3],9,COC1=CC(C=O)=CC=C1OC(C([*])(C[*])C)=O,poly(vanillin methacrylate) (PVM),block,,,,0.19,,,False,['COC1=CC(C=O)=CC=C1OC(C([*])(C[*])C)=O'],syndiotactic,homopolymer,,
[3],10,COC1=CC(C)=CC=C1OC(C(C[*])([*])C)=O,"poly(creosyl methacrylate) (PCM),",block,,,,0.22,,,False,['COC1=CC(C)=CC=C1OC(C(C[*])([*])C)=O'],stereo-irregular,homopolymer,,
[3],11,COC1=CC([H])=CC=C1OC(C([*])(C)C[*])=O,"poly(guaiacyl methacrylate) (PGM),",block,,,,0.31,,,False,['COC1=CC([H])=CC=C1OC(C([*])(C)C[*])=O'],stereo-irregular,homopolymer,,
[3],12,COC1=CC(CC)=CC=C1OC(C([*])(C)C[*])=O,poly(4-ethylguaiacyl methacrylate) (PEM),block,,,,0.2,,,False,['COC1=CC(CC)=CC=C1OC(C([*])(C)C[*])=O'],stereo-irregular,homopolymer,,
[4],13,ClC(C(OC)=O)([*])C[*],PCMA,block,,,,0.41,,,False,['ClC(C(OC)=O)([*])C[*]'],atactic,homopolymer,,
[4],14,ClC(C(OC)=O)([*])C[*],PCMA,block,,,,0.29,,,False,['ClC(C(OC)=O)([*])C[*]'],stereo-irregular,homopolymer,,
[4],15,ClC(C(OC)=O)([*])C[*],PCMA,block,,,,0.25,,,False,['ClC(C(OC)=O)([*])C[*]'],stereo-irregular,homopolymer,,
[4],16,CCOC(C(C[*])([*])Cl)=O,PECA,block,,,,0.46,,,False,['CCOC(C(C[*])([*])Cl)=O'],atactic,homopolymer,,
[4],17,CCOC(C(C[*])([*])Cl)=O,PECA,block,,,,0.73,,,False,['CCOC(C(C[*])([*])Cl)=O'],stereo-irregular,homopolymer,,
[4],18,CCOC(C(C[*])([*])Cl)=O,PECA,block,,,,0.29,,,False,['CCOC(C(C[*])([*])Cl)=O'],stereo-irregular,homopolymer,,
[4],19,CCOC(C(C[*])([*])Cl)=O,PECA,block,,,,0.2,,,False,['CCOC(C(C[*])([*])Cl)=O'],stereo-irregular,homopolymer,,
[4],20,O=C(OCC(C)C)C(C[*])([*])Cl,PiPrCA,block,,,,0.36,,,False,['O=C(OCC(C)C)C(C[*])([*])Cl'],stereo-irregular,homopolymer,,
[4],21,O=C(OCC(C)C)C(C[*])([*])Cl,PiPrCA,block,,,,0.13,,,False,['O=C(OCC(C)C)C(C[*])([*])Cl'],syndiotactic,homopolymer,,
[5],22,[*]C(C)C[*],polypropylene,block,,,,0.75,,138.1,True,['[*]C(C)C[*]'],stereo-irregular,homopolymer,,
[5],23,[*]C(C)C[*],polypropylene,block,,,,0.65,,,False,['[*]C(C)C[*]'],stereo-irregular,homopolymer,,
[5],24,[*]C(C)C[*],polypropylene,block,,,,0.85,,141.6,True,['[*]C(C)C[*]'],isotactic,homopolymer,,
[5],25,[*]C(C)C[*],polypropylene,block,,,,0.87,,142.4,True,['[*]C(C)C[*]'],isotactic,homopolymer,,
[6],26,[*]C(C)C[*],PP,block,,,,0.94,,160.6,True,['[*]C(C)C[*]'],isotactic,homopolymer,,
[6],27,[*]C(C)C[*],PP,block,,,,0.86,,157.5,True,['[*]C(C)C[*]'],isotactic,homopolymer,,
[6],28,[*]C(C)C[*],PP,block,,,,0.96,,161.0,True,['[*]C(C)C[*]'],isotactic,homopolymer,,
[6],29,[*]C(C)C[*],PP,block,,,,0.07,,119.2,True,['[*]C(C)C[*]'],syndiotactic,homopolymer,,
[7],30,N#CC([*])C[*].COC(C([*])C[*])=O,AN-MA,statistical,"[0.85, 0.15000000000000002]","[0.7, 1.22]",,0.55,,161.1,True,"['N#CC([*])C[*]', 'COC(C([*])C[*])=O']",atactic,copolymer,random,
[7],31,N#CC([*])C[*].COC(C([*])C[*])=O,AN-MA,statistical,"[0.85, 0.15000000000000002]","[0.96, 1.18]",,0.56,,154.5,True,"['N#CC([*])C[*]', 'COC(C([*])C[*])=O']",atactic,copolymer,random,
[7],32,N#CC([*])C[*].COC(C([*])C[*])=O,AN-MA,statistical,"[0.85, 0.15000000000000002]","[0.83, 1.17]",,0.555,,163.8,True,"['N#CC([*])C[*]', 'COC(C([*])C[*])=O']",atactic,copolymer,random,
[8],33,CN(C(C([*])C[*])=O)C,PDMAA,block,,,,0.52,,,False,['CN(C(C([*])C[*])=O)C'],atactic,homopolymer,,
[8],34,CN(C(C([*])C[*])=O)C,PDMAA,block,,,,0.51,,,False,['CN(C(C([*])C[*])=O)C'],atactic,homopolymer,,
[8],35,CN(C(C([*])C[*])=O)C,PDMAA,block,,,,0.964365076,,310.0,True,['CN(C(C([*])C[*])=O)C'],isotactic,homopolymer,,
[8],36,CN(C(C([*])C[*])=O)C,PDMAA,block,,,,0.781024968,,313.0,True,['CN(C(C([*])C[*])=O)C'],stereo-irregular,homopolymer,,
[8],37,CN(C(C([*])C[*])=O)C,PDMAA,block,,,,0.989949494,,312.0,True,['CN(C(C([*])C[*])=O)C'],isotactic,homopolymer,,
[8],38,CN(C(C([*])C[*])=O)C,PDMAA,block,,,,0.989949494,,308.0,True,['CN(C(C([*])C[*])=O)C'],isotactic,homopolymer,,
[8],39,CN(C(C([*])C[*])=O)C,PDMAA,block,,,,0.905538514,,306.0,True,['CN(C(C([*])C[*])=O)C'],isotactic,homopolymer,,
[8],40,CN(C(C([*])C[*])=O)C,PDMAA,block,,,,0.994987437,,316.0,True,['CN(C(C([*])C[*])=O)C'],isotactic,homopolymer,,
[8],41,CN(C(C([*])C[*])=O)C,PDMAA,block,,,,0.994987437,,306.0,True,['CN(C(C([*])C[*])=O)C'],isotactic,homopolymer,,
[8],42,CN(C(C([*])C[*])=O)C,PDMAA,block,,,,0.994987437,,318.0,True,['CN(C(C([*])C[*])=O)C'],isotactic,homopolymer,,
[9],43,CC(NC(C([*])C[*])=O)C,Poly(NIPAM),block,,,,0.25,,,False,['CC(NC(C([*])C[*])=O)C'],stereo-irregular,homopolymer,,
[9],44,CC(NC(C([*])C[*])=O)C,Poly(NIPAM),block,,,,0.23,,,False,['CC(NC(C([*])C[*])=O)C'],stereo-irregular,homopolymer,,
[9],45,CC(NC(C([*])C[*])=O)C,Poly(NIPAM),block,,,,0.17,,,False,['CC(NC(C([*])C[*])=O)C'],syndiotactic,homopolymer,,
[9],46,CC(NC(C([*])C[*])=O)C,Poly(NIPAM),block,,,,0.52,,,False,['CC(NC(C([*])C[*])=O)C'],atactic,homopolymer,,
[9],47,CC(NC(C([*])C[*])=O)C,Poly(NIPAM),block,,,,0.5,,,False,['CC(NC(C([*])C[*])=O)C'],atactic,homopolymer,,
[9],48,CC(NC(C([*])C[*])=O)C,Poly(NIPAM),block,,,,0.5,,,False,['CC(NC(C([*])C[*])=O)C'],atactic,homopolymer,,
[9],49,CC(NC(C([*])C[*])=O)C,Poly(NIPAM),block,,,,0.5,,,False,['CC(NC(C([*])C[*])=O)C'],atactic,homopolymer,,
[9],50,CC(NC(C([*])C[*])=O)C,Poly(NIPAM),block,,,,0.47,,,False,['CC(NC(C([*])C[*])=O)C'],atactic,homopolymer,,
[9],51,CC(NC(C([*])C[*])=O)C,Poly(NIPAM),block,,,,0.48,,,False,['CC(NC(C([*])C[*])=O)C'],atactic,homopolymer,,
[9],52,CC(NC(C([*])C[*])=O)C,Poly(NIPAM),block,,,,0.5,,,False,['CC(NC(C([*])C[*])=O)C'],atactic,homopolymer,,
[9],53,CC(NC(C([*])C[*])=O)C,Poly(NIPAM),block,,,,0.58,,,False,['CC(NC(C([*])C[*])=O)C'],atactic,homopolymer,,
[9],54,CC(NC(C([*])C[*])=O)C,Poly(NIPAM),block,,,,0.75,,,False,['CC(NC(C([*])C[*])=O)C'],stereo-irregular,homopolymer,,
[9],55,CC(NC(C([*])C[*])=O)C,Poly(NIPAM),block,,,,0.82,,,False,['CC(NC(C([*])C[*])=O)C'],isotactic,homopolymer,,
[9],56,CC(NC(C([*])C[*])=O)C,Poly(NIPAM),block,,,,0.85,,,False,['CC(NC(C([*])C[*])=O)C'],isotactic,homopolymer,,
[10],57,CC(NC(C([*])C[*])=O)C,Poly(NIPAM),block,,,,0.47,,,False,['CC(NC(C([*])C[*])=O)C'],atactic,homopolymer,,
[10],58,CC(NC(C([*])C[*])=O)C,Poly(NIPAM),block,,,,0.62,,,False,['CC(NC(C([*])C[*])=O)C'],stereo-irregular,homopolymer,,
[10],59,CC(NC(C([*])C[*])=O)C,Poly(NIPAM),block,,,,0.68,,,False,['CC(NC(C([*])C[*])=O)C'],stereo-irregular,homopolymer,,
[10],60,CC(NC(C([*])C[*])=O)C,Poly(NIPAM),block,,,,0.81,,,False,['CC(NC(C([*])C[*])=O)C'],isotactic,homopolymer,,
[10],61,CC(NC(C([*])C[*])=O)C,Poly(NIPAM),block,,,,0.88,,,False,['CC(NC(C([*])C[*])=O)C'],isotactic,homopolymer,,
[11],62,CC(C)(OC(C([*])C[*])=O)C,PtBA,block,,,,0.85,,,False,['CC(C)(OC(C([*])C[*])=O)C'],isotactic,homopolymer,,
[11],63,CC(C)(OC(C([*])C[*])=O)C,PtBA,block,,,,0.81,,,False,['CC(C)(OC(C([*])C[*])=O)C'],isotactic,homopolymer,,
[11],64,CC(C)(OC(C([*])C[*])=O)C,PtBA,block,,,,0.67,,,False,['CC(C)(OC(C([*])C[*])=O)C'],stereo-irregular,homopolymer,,
[11],65,CC(C)(OC(C([*])C[*])=O)C,PtBA,block,,,,0.56,,,False,['CC(C)(OC(C([*])C[*])=O)C'],atactic,homopolymer,,
[11],66,CC(C)(OC(C([*])C[*])=O)C,PtBA,block,,,,0.71,,,False,['CC(C)(OC(C([*])C[*])=O)C'],stereo-irregular,homopolymer,,
[11],67,CC(C)(OC(C([*])C[*])=O)C,PtBA,block,,,,0.4,,,False,['CC(C)(OC(C([*])C[*])=O)C'],atactic,homopolymer,,
[12],68,[*]C(C)C[*].[*]C(CCC)C[*],1-Pe/PP,block,,,,0.97,,136.1,True,"['[*]C(C)C[*]', '[*]C(CCC)C[*]']",isotactic,copolymer,block,
[12],69,[*]C(C)C[*].[*]C(CCC)C[*],1-Pe/PP,statistical,"[0.99, 0.010000000000000009]",,,0.97,,134.4,True,"['[*]C(C)C[*]', '[*]C(CCC)C[*]']",isotactic,copolymer,random,
[12],70,[*]C(C)C[*].[*]C(CCC)C[*],1-Pe/PP,statistical,"[0.98, 0.020000000000000018]",,,0.97,,126.2,True,"['[*]C(C)C[*]', '[*]C(CCC)C[*]']",isotactic,copolymer,random,
[12],71,[*]C(C)C[*].[*]C(CCC)C[*],1-Pe/PP,statistical,"[0.937, 0.06299999999999994]",,,0.97,,102.7,True,"['[*]C(C)C[*]', '[*]C(CCC)C[*]']",isotactic,copolymer,random,
[12],72,[*]C(C)C[*].[*]C(CCC)C[*],1-Pe/PP,statistical,"[0.894, 0.10599999999999998]",,,0.97,,74.2,True,"['[*]C(C)C[*]', '[*]C(CCC)C[*]']",isotactic,copolymer,random,
[12],73,[*]C(C)C[*].[*]C(CCC)C[*],1-Pe/PP,statistical,"[0.82, 0.18000000000000005]",,,0.97,,59.5,True,"['[*]C(C)C[*]', '[*]C(CCC)C[*]']",isotactic,copolymer,random,
[12],74,[*]C(C)C[*].[*]C(CCC)C[*],1-Pe/PP,statistical,"[0.593, 0.40700000000000003]",,,0.98,,,False,"['[*]C(C)C[*]', '[*]C(CCC)C[*]']",isotactic,copolymer,random,
[12],75,[*]C(C)C[*].[*]C(CCC)C[*],1-Pe/PP,block,"[0.0, 1.0]",,,0.98,,,False,"['[*]C(C)C[*]', '[*]C(CCC)C[*]']",isotactic,copolymer,block,
[12],76,[*]C(C)C[*].[*]C(CCC)C[*],1-Pe/PP,block,"[1.0, 0.0]",,,0.99,,149.2,True,"['[*]C(C)C[*]', '[*]C(CCC)C[*]']",isotactic,copolymer,block,
[12],77,[*]C(C)C[*].[*]C(CCC)C[*],1-Pe/PP,statistical,"[0.986, 0.014000000000000012]",,,0.97,,135.1,True,"['[*]C(C)C[*]', '[*]C(CCC)C[*]']",isotactic,copolymer,random,
[12],78,[*]C(C)C[*].[*]C(CCC)C[*],1-Pe/PP,statistical,"[0.973, 0.027000000000000024]",,,0.98,,123.6,True,"['[*]C(C)C[*]', '[*]C(CCC)C[*]']",isotactic,copolymer,random,
[12],79,[*]C(C)C[*].[*]C(CCC)C[*],1-Pe/PP,statistical,"[0.931, 0.06899999999999995]",,,0.965,,97.3,True,"['[*]C(C)C[*]', '[*]C(CCC)C[*]']",isotactic,copolymer,random,
[12],80,[*]C(C)C[*].[*]C(CCC)C[*],1-Pe/PP,statistical,"[0.897, 0.10299999999999998]",,,0.91,,77.5,True,"['[*]C(C)C[*]', '[*]C(CCC)C[*]']",isotactic,copolymer,random,
[12],81,[*]C(C)C[*].[*]C(CCC)C[*],1-Pe/PP,statistical,"[0.799, 0.20099999999999996]",,,0.9,,63.2,True,"['[*]C(C)C[*]', '[*]C(CCC)C[*]']",isotactic,copolymer,random,
[12],82,[*]C(C)C[*].[*]C(CCC)C[*],1-Pe/PP,statistical,"[0.614, 0.386]",,,0.83,,,False,"['[*]C(C)C[*]', '[*]C(CCC)C[*]']",isotactic,copolymer,random,
[12],83,[*]C(C)C[*].[*]C(CCC)C[*],1-Pe/PP,statistical,"[0.508, 0.492]",,,0.78,,,False,"['[*]C(C)C[*]', '[*]C(CCC)C[*]']",stereo-irregular,copolymer,random,
[12],84,[*]C(C)C[*].[*]C(CCC)C[*],1-Pe/PP,statistical,"[0.0, 1.0]",,,0.87,,,False,"['[*]C(C)C[*]', '[*]C(CCC)C[*]']",isotactic,copolymer,random,
[13],85,CCCCCCCCCCCCCCCC([*])C[*],Poly(1-octadecene),block,,,,0.9,,67.0,True,['CCCCCCCCCCCCCCCC([*])C[*]'],isotactic,homopolymer,,
[13],86,CCCCCCCCCCCCCCCC([*])C[*],Poly(1-octadecene),block,,,,0.5,,36.0,True,['CCCCCCCCCCCCCCCC([*])C[*]'],atactic,homopolymer,,
[14],87,[*]C(CC(C(OCC1=CC=CC=C1)=O)O[*])=O,PMLA-Bz,block,,,,0.19,,79.0,True,['[*]C(CC(C(OCC1=CC=CC=C1)=O)O[*])=O'],syndiotactic,homopolymer,,
[14],88,[*]C(CC(C(OCC1=CC=CC=C1)=O)O[*])=O,PMLA-Bz,block,,,,0.2,,74.0,True,['[*]C(CC(C(OCC1=CC=CC=C1)=O)O[*])=O'],stereo-irregular,homopolymer,,
[14],89,[*]C(CC(C(OCC1=CC=CC=C1)=O)O[*])=O,PMLA-Bz,block,,,,0.21,,71.0,True,['[*]C(CC(C(OCC1=CC=CC=C1)=O)O[*])=O'],stereo-irregular,homopolymer,,
[14],90,[*]C(CC(C(OCC1=CC=CC=C1)=O)O[*])=O,PMLA-Bz,block,,,,0.2,,72.0,True,['[*]C(CC(C(OCC1=CC=CC=C1)=O)O[*])=O'],stereo-irregular,homopolymer,,
[14],91,[*]C(CC(C(OCC1=CC=CC=C1)=O)O[*])=O,PMLA-Bz,block,,,,0.15,,87.0,True,['[*]C(CC(C(OCC1=CC=CC=C1)=O)O[*])=O'],syndiotactic,homopolymer,,
[14],92,[*]C(CC(C(OCC1=CC=CC=C1)=O)O[*])=O,PMLA-Bz,block,,,,0.15,,86.0,True,['[*]C(CC(C(OCC1=CC=CC=C1)=O)O[*])=O'],syndiotactic,homopolymer,,
[14],93,[*]C(CC(C(OCC1=CC=CC=C1)=O)O[*])=O,PMLA-Bz,block,,,,0.32,,,False,['[*]C(CC(C(OCC1=CC=CC=C1)=O)O[*])=O'],stereo-irregular,homopolymer,,
[14],94,[*]C(CC(C(OCC1=CC=CC=C1)=O)O[*])=O,PMLA-Bz,block,,,,0.33,,,False,['[*]C(CC(C(OCC1=CC=CC=C1)=O)O[*])=O'],stereo-irregular,homopolymer,,
[14],95,[*]C(CC(C(OCC1=CC=CC=C1)=O)O[*])=O,PMLA-Bz,block,,,,0.03,,111.0,True,['[*]C(CC(C(OCC1=CC=CC=C1)=O)O[*])=O'],syndiotactic,homopolymer,,
[14],96,[*]C(CC(C(OCC1=CC=CC=C1)=O)O[*])=O,PMLA-Bz,block,,,,0.03,,117.0,True,['[*]C(CC(C(OCC1=CC=CC=C1)=O)O[*])=O'],syndiotactic,homopolymer,,
[14],97,[*]C(CC(C(OCC1=CC=CC=C1)=O)O[*])=O,PMLA-Bz,block,,,,0.03,,114.0,True,['[*]C(CC(C(OCC1=CC=CC=C1)=O)O[*])=O'],syndiotactic,homopolymer,,
[14],98,[*]C(CC(C(OCC1=CC=CC=C1)=O)O[*])=O,PMLA-Bz,block,,,,0.09,,100.0,True,['[*]C(CC(C(OCC1=CC=CC=C1)=O)O[*])=O'],syndiotactic,homopolymer,,
[14],99,[*]C(CC(C(OCC1=CC=CC=C1)=O)O[*])=O,PMLA-Bz,block,,,,0.08,,104.0,True,['[*]C(CC(C(OCC1=CC=CC=C1)=O)O[*])=O'],syndiotactic,homopolymer,,
[14],100,[*]C(CC(C(OCC=C)=O)O[*])=O,PMLA-All,block,,,,0.19,,49.0,True,['[*]C(CC(C(OCC=C)=O)O[*])=O'],syndiotactic,homopolymer,,
[14],101,[*]C(CC(C(OCC=C)=O)O[*])=O,PMLA-All,block,,,,0.18,,51.0,True,['[*]C(CC(C(OCC=C)=O)O[*])=O'],syndiotactic,homopolymer,,
[14],102,[*]C(CC(C(OCC=C)=O)O[*])=O,PMLA-All,block,,,,0.13,,80.0,True,['[*]C(CC(C(OCC=C)=O)O[*])=O'],syndiotactic,homopolymer,,
[14],103,[*]C(CC(C(OCC=C)=O)O[*])=O,PMLA-All,block,,,,0.32,,,False,['[*]C(CC(C(OCC=C)=O)O[*])=O'],stereo-irregular,homopolymer,,
[14],104,[*]C(CC(C(OCC=C)=O)O[*])=O,PMLA-All,block,,,,0.03,,112.0,True,['[*]C(CC(C(OCC=C)=O)O[*])=O'],syndiotactic,homopolymer,,
[14],105,[*]C(CC(C(OCC=C)=O)O[*])=O,PMLA-All,block,,,,0.05,,107.0,True,['[*]C(CC(C(OCC=C)=O)O[*])=O'],syndiotactic,homopolymer,,
[14],106,[*]C(CC(C(OC)=O)O[*])=O,PMLA-Me,block,,,,0.19,,173.0,True,['[*]C(CC(C(OC)=O)O[*])=O'],syndiotactic,homopolymer,,
[14],107,[*]C(CC(C(OC)=O)O[*])=O,PMLA-Me,block,,,,0.24,,60.0,True,['[*]C(CC(C(OC)=O)O[*])=O'],stereo-irregular,homopolymer,,
[14],108,[*]C(CC(C(OC)=O)O[*])=O,PMLA-Me,block,,,,0.23,,62.0,True,['[*]C(CC(C(OC)=O)O[*])=O'],stereo-irregular,homopolymer,,
[14],109,[*]C(CC(C(OC)=O)O[*])=O,PMLA-Me,block,,,,0.58,,,False,['[*]C(CC(C(OC)=O)O[*])=O'],atactic,homopolymer,,
[14],110,[*]C(CC(C(OC)=O)O[*])=O,PMLA-Me,block,,,,0.11,,207.0,True,['[*]C(CC(C(OC)=O)O[*])=O'],syndiotactic,homopolymer,,
[14],111,[*]C(CC(C(OC)=O)O[*])=O,PMLA-Me,block,,,,0.08,,212.0,True,['[*]C(CC(C(OC)=O)O[*])=O'],syndiotactic,homopolymer,,
[15],112,COC(C=CC=C1)=C1CC([*])C[*].[*]C(C1=CC=CC=C1)C[*],Co-Sty-PP-(alt),alternating,"[0.56, 0.43999999999999995]",,['alt'],,,,False,"['COC(C=CC=C1)=C1CC([*])C[*]', '[*]C(C1=CC=CC=C1)C[*]']",syndiotactic,copolymer,alternating,
[15],113,COC(C=CC=C1)=C1CC([*])C[*].[*]C(C1=CC=CC=C1)C[*],Co-Sty-PP-(alt),alternating,"[0.55, 0.44999999999999996]",,['alt'],,,210.0,True,"['COC(C=CC=C1)=C1CC([*])C[*]', '[*]C(C1=CC=CC=C1)C[*]']",syndiotactic,copolymer,alternating,
[15],114,COC(C=CC=C1)=C1CC([*])C[*].[*]C(C1=CC=CC=C1)C[*],Co-Sty-PP-(alt),alternating,"[0.5, 0.5]",,['alt'],0.0,,225.0,True,"['COC(C=CC=C1)=C1CC([*])C[*]', '[*]C(C1=CC=CC=C1)C[*]']",syndiotactic,copolymer,alternating,
[15],115,COC(C=CC=C1)=C1CC([*])C[*].[*]C(C1=CC=CC=C1)C[*],Co-Sty-PP-(alt),alternating,"[0.88, 0.12]",,['alt'],,,,False,"['COC(C=CC=C1)=C1CC([*])C[*]', '[*]C(C1=CC=CC=C1)C[*]']",syndiotactic,copolymer,alternating,
[15],116,COC(C=CC=C1)=C1CC([*])C[*].[*]C(C1=CC=CC=C1)C[*],aniso-PP,alternating,"[1.0, 0.0]",,['alt'],,,,False,"['COC(C=CC=C1)=C1CC([*])C[*]', '[*]C(C1=CC=CC=C1)C[*]']",syndiotactic,copolymer,alternating,
[15],117,COC(C=CC=C1)=C1CC([*])C[*].[*]C(C1=CC=CC=C1)C[*],Co-Sty-PP-(alt),alternating,"[0.64, 0.36]",,['alt'],,,,False,"['COC(C=CC=C1)=C1CC([*])C[*]', '[*]C(C1=CC=CC=C1)C[*]']",syndiotactic,copolymer,alternating,
[15],118,COC(C=CC=C1)=C1CC([*])C[*].[*]C(C1=CC=CC=C1)C[*],Co-Sty-PP-(alt),alternating,"[0.5, 0.5]",,['alt'],0.0,,228.0,True,"['COC(C=CC=C1)=C1CC([*])C[*]', '[*]C(C1=CC=CC=C1)C[*]']",syndiotactic,copolymer,alternating,
[15],119,COC(C=CC=C1)=C1CC([*])C[*].[*]C(C1=CC=CC=C1)C[*],Co-Sty-PP-(alt),alternating,"[0.5, 0.5]",,['alt'],0.0,,239.0,True,"['COC(C=CC=C1)=C1CC([*])C[*]', '[*]C(C1=CC=CC=C1)C[*]']",syndiotactic,copolymer,alternating,
[15],120,COC(C=CC=C1)=C1CC([*])C[*].[*]C(C1=CC=CC=C1)C[*],Co-Sty-PP-(alt),alternating,"[0.47, 0.53]",,['alt'],,,246.0,True,"['COC(C=CC=C1)=C1CC([*])C[*]', '[*]C(C1=CC=CC=C1)C[*]']",syndiotactic,copolymer,alternating,
[15],121,COC(C=CC=C1)=C1CC([*])C[*].[*]C(C1=CC=CC=C1)C[*],Co-Sty-PP-(alt),alternating,"[0.5, 0.5]",,['alt'],0.0,,247.0,True,"['COC(C=CC=C1)=C1CC([*])C[*]', '[*]C(C1=CC=CC=C1)C[*]']",syndiotactic,copolymer,alternating,
[15],122,COC(C=CC=C1)=C1CC([*])C[*].[*]C(C1=CC=CC=C1)C[*],Co-Sty-PP-(alt),alternating,"[0.45, 0.55]",,['alt'],,,246.0,True,"['COC(C=CC=C1)=C1CC([*])C[*]', '[*]C(C1=CC=CC=C1)C[*]']",syndiotactic,copolymer,alternating,
[15],123,CN(C)C(C=CC=C1)=C1CC([*])C[*].[*]C(C1=CC=CC=C1)C[*],Co-Sty-PP-(alt),alternating,"[0.62, 0.38]",,['alt'],,,,False,"['CN(C)C(C=CC=C1)=C1CC([*])C[*]', '[*]C(C1=CC=CC=C1)C[*]']",syndiotactic,copolymer,alternating,
[15],124,CN(C)C(C=CC=C1)=C1CC([*])C[*].[*]C(C1=CC=CC=C1)C[*],Co-Sty-PP-(alt),alternating,"[0.5, 0.5]",,['alt'],0.0,,221.0,True,"['CN(C)C(C=CC=C1)=C1CC([*])C[*]', '[*]C(C1=CC=CC=C1)C[*]']",syndiotactic,copolymer,alternating,
[15],125,CN(C)C(C=CC=C1)=C1CC([*])C[*].[*]C(C1=CC=CC=C1)C[*],Co-Sty-PP-(alt),alternating,"[0.5, 0.5]",,['alt'],0.0,,224.0,True,"['CN(C)C(C=CC=C1)=C1CC([*])C[*]', '[*]C(C1=CC=CC=C1)C[*]']",syndiotactic,copolymer,alternating,
[15],126,CN(C)C(C=CC=C1)=C1CC([*])C[*].[*]C(C1=CC=CC=C1)C[*],Co-Sty-PP-(alt),alternating,"[0.5, 0.5]",,['alt'],0.0,,224.0,True,"['CN(C)C(C=CC=C1)=C1CC([*])C[*]', '[*]C(C1=CC=CC=C1)C[*]']",syndiotactic,copolymer,alternating,
[16],127,OC([*])C[*],PVA,block,,,,0.477,,230.4,True,['OC([*])C[*]'],atactic,homopolymer,,
[16],128,OC([*])C[*],PVA,block,,,,0.456,,231.6,True,['OC([*])C[*]'],atactic,homopolymer,,
[16],129,OC([*])C[*],PVA,block,,,,0.454,,231.7,True,['OC([*])C[*]'],atactic,homopolymer,,
[16],130,OC([*])C[*],PVA,block,,,,0.453,,232.4,True,['OC([*])C[*]'],atactic,homopolymer,,
[16],131,OC([*])C[*],PVA,block,,,,0.477,,235.7,True,['OC([*])C[*]'],atactic,homopolymer,,
[17],132,COC(C=CC=C1F)=C1C([*])C[*],"2,6-F-PS",block,,,,0.0,,,False,['COC(C=CC=C1F)=C1C([*])C[*]'],syndiotactic,homopolymer,,
[17],133,COC(C=CC=C1F)=C1C([*])C[*],"2,6-F-PS",block,,,,0.5,,,False,['COC(C=CC=C1F)=C1C([*])C[*]'],atactic,homopolymer,,
[17],134,COC(C=CC(F)=C1)=C1C([*])C[*],"2,5-F-PS",block,,,,0.0,,214.7,True,['COC(C=CC(F)=C1)=C1C([*])C[*]'],syndiotactic,homopolymer,,
[17],135,COC(C=CC(F)=C1)=C1C([*])C[*],"2,5-F-PS",block,,,,0.0,,214.4,True,['COC(C=CC(F)=C1)=C1C([*])C[*]'],syndiotactic,homopolymer,,
[17],136,COC(C=CC(F)=C1)=C1C([*])C[*],"2,5-F-PS",block,,,,1.0,,290.9,True,['COC(C=CC(F)=C1)=C1C([*])C[*]'],isotactic,homopolymer,,
[17],137,COC(C=C(C=C1)F)=C1C([*])C[*],"2,4-F-PS",block,,,,0.0,,,False,['COC(C=C(C=C1)F)=C1C([*])C[*]'],syndiotactic,homopolymer,,
[17],138,COC(C=C(C=C1)F)=C1C([*])C[*],"2,4-F-PS",block,,,,0.0,,,False,['COC(C=C(C=C1)F)=C1C([*])C[*]'],syndiotactic,homopolymer,,
[17],139,COC(C=C(C=C1)F)=C1C([*])C[*],"2,4-F-PS",block,,,,1.0,,283.1,True,['COC(C=C(C=C1)F)=C1C([*])C[*]'],isotactic,homopolymer,,
[17],140,COC(C=CC=C1)=C1C([*])C[*].[*]CC[*],co-alt-2PS-PE,alternating,"[0.504, 0.496]",,,1.0,,,False,"['COC(C=CC=C1)=C1C([*])C[*]', '[*]CC[*]']",isotactic,copolymer,alternating,
[17],141,COC(C=C(C=C1)F)=C1C([*])C[*].[*]CC[*],co-alt-24-F-PS-PE,alternating,"[0.5, 0.5]",,,1.0,,,False,"['COC(C=C(C=C1)F)=C1C([*])C[*]', '[*]CC[*]']",isotactic,copolymer,alternating,
[17],142,COC(C=CC=C1F)=C1C([*])C[*].[*]CC[*],co-alt-26-F-PS-PE,alternating,"[0.5, 0.5]",,,1.0,,,False,"['COC(C=CC=C1F)=C1C([*])C[*]', '[*]CC[*]']",isotactic,copolymer,alternating,
[17],143,COC(C=CC(F)=C1)=C1C([*])C[*].[*]CC[*],co-alt-25-F-PS-PE,alternating,"[0.5, 0.5]",,,1.0,,,False,"['COC(C=CC(F)=C1)=C1C([*])C[*]', '[*]CC[*]']",isotactic,copolymer,alternating,
[17],144,[*]CC[*],PE,block,,,[0],,,130.0,True,['[*]CC[*]'],achiral,homopolymer,,
[18],145,CCCCC#CC(C=C1)=CC=C1C([*])C[*],HES,block,,,,0.0,,,False,['CCCCC#CC(C=C1)=CC=C1C([*])C[*]'],syndiotactic,homopolymer,,
[18],146,[*]CC([*])C1=CC=C(C=C1)C#CC2=CC=CC=C2,PES,block,,,,0.0,,,False,['[*]CC([*])C1=CC=C(C=C1)C#CC2=CC=CC=C2'],syndiotactic,homopolymer,,
[18],147,C[Si](C)(C)C#CC(C=C1)=CC=C1C([*])C[*],TES,block,,,,0.0,,,False,['C[Si](C)(C)C#CC(C=C1)=CC=C1C([*])C[*]'],syndiotactic,homopolymer,,
[19],148,ClC(C=C1)=CC=C1C([*])C[*],pCS,block,,,,0.0,,327.0,True,['ClC(C=C1)=CC=C1C([*])C[*]'],syndiotactic,homopolymer,,
[19],149,ClC(C=C1)=CC=C1C([*])C[*].[*]CC([*])C1=CC=CC=C1,co-ran-pCS-PS,statistical,"[0.753, 0.247]","[0.55, 2.87]",,0.0,,259.0,True,"['ClC(C=C1)=CC=C1C([*])C[*]', '[*]CC([*])C1=CC=CC=C1']",syndiotactic,copolymer,random,
[19],150,ClC(C=C1)=CC=C1C([*])C[*].[*]CC([*])C1=CC=CC=C1,co-ran-pCS-PS,statistical,"[0.561, 0.43899999999999995]","[0.55, 2.87]",,0.0,,,False,"['ClC(C=C1)=CC=C1C([*])C[*]', '[*]CC([*])C1=CC=CC=C1']",syndiotactic,copolymer,random,
[19],151,ClC(C=C1)=CC=C1C([*])C[*].[*]CC([*])C1=CC=CC=C1,co-ran-pCS-PS,statistical,"[0.333, 0.667]","[0.55, 2.87]",,0.0,,,False,"['ClC(C=C1)=CC=C1C([*])C[*]', '[*]CC([*])C1=CC=CC=C1']",syndiotactic,copolymer,random,
[19],152,ClC(C=C1)=CC=C1C([*])C[*].[*]CC([*])C1=CC=CC=C1,co-ran-pCS-PS,statistical,"[0.222, 0.778]","[0.55, 2.87]",,0.0,,226.0,True,"['ClC(C=C1)=CC=C1C([*])C[*]', '[*]CC([*])C1=CC=CC=C1']",syndiotactic,copolymer,random,
[19],153,ClC(C=C1)=CC=C1C([*])C[*].[*]CC([*])C1=CC=CC=C1,co-ran-pCS-PS,statistical,"[0.101, 0.899]","[0.55, 2.87]",,0.0,,252.0,True,"['ClC(C=C1)=CC=C1C([*])C[*]', '[*]CC([*])C1=CC=CC=C1']",syndiotactic,copolymer,random,
[20],154,C[Se]C(C=C1)=CC=C1C([*])C[*],P-pMSS,block,,,,0.0,,257.9,True,['C[Se]C(C=C1)=CC=C1C([*])C[*]'],syndiotactic,homopolymer,,
[20],155,C[Se]C(C=C1)=CC=C1C([*])C[*].[*]CC([*])C1=CC=CC=C1,co-ranPMSS-PS,statistical,"[0.098, 0.902]","[0.485, 1.47]",,0.0,,216.7,True,"['C[Se]C(C=C1)=CC=C1C([*])C[*]', '[*]CC([*])C1=CC=CC=C1']",syndiotactic,copolymer,random,
[20],156,C[Se]C(C=C1)=CC=C1C([*])C[*].[*]CC([*])C1=CC=CC=C1,co-ranPMSS-PS,statistical,"[0.29, 0.71]","[0.485, 1.47]",,0.0,,,False,"['C[Se]C(C=C1)=CC=C1C([*])C[*]', '[*]CC([*])C1=CC=CC=C1']",syndiotactic,copolymer,random,
[20],157,C[Se]C(C=C1)=CC=C1C([*])C[*].[*]CC([*])C1=CC=CC=C1,co-ranPMSS-PS,statistical,"[0.461, 0.5389999999999999]","[0.485, 1.47]",,0.0,,,False,"['C[Se]C(C=C1)=CC=C1C([*])C[*]', '[*]CC([*])C1=CC=CC=C1']",syndiotactic,copolymer,random,
[20],158,C[Se]C(C=C1)=CC=C1C([*])C[*].[*]CC([*])C1=CC=CC=C1,co-ranPMSS-PS,statistical,"[0.676, 0.32399999999999995]","[0.485, 1.47]",,0.0,,,False,"['C[Se]C(C=C1)=CC=C1C([*])C[*]', '[*]CC([*])C1=CC=CC=C1']",syndiotactic,copolymer,random,
[20],159,C[Se]C(C=C1)=CC=C1C([*])C[*].[*]CC([*])C1=CC=CC=C1,co-ranPMSS-PS,statistical,"[0.87, 0.13]","[0.485, 1.47]",,0.0,,226.6,True,"['C[Se]C(C=C1)=CC=C1C([*])C[*]', '[*]CC([*])C1=CC=CC=C1']",syndiotactic,copolymer,random,
[21],160,[*]CC([*])C1=CC=CC=C1,PS,block,,,,0.0,,260.0,True,['[*]CC([*])C1=CC=CC=C1'],syndiotactic,homopolymer,,
[21],161,CSC(C=C1)=CC=C1C([*])C[*],PMTS,block,,,,0.0,,252.0,True,['CSC(C=C1)=CC=C1C([*])C[*]'],syndiotactic,homopolymer,,
[21],162,CSC(C=C1)=CC=C1C([*])C[*].[*]CC([*])C1=CC=CC=C1,co-stat-PMTS-PS,statistical,"[0.11, 0.89]","[1.08, 0.77]",,0.0,,225.0,True,"['CSC(C=C1)=CC=C1C([*])C[*]', '[*]CC([*])C1=CC=CC=C1']",syndiotactic,copolymer,random,
[21],163,CSC(C=C1)=CC=C1C([*])C[*].[*]CC([*])C1=CC=CC=C1,co-stat-PMTS-PS,statistical,"[0.21, 0.79]","[1.08, 0.77]",,0.0,,,False,"['CSC(C=C1)=CC=C1C([*])C[*]', '[*]CC([*])C1=CC=CC=C1']",syndiotactic,copolymer,random,
[21],164,CSC(C=C1)=CC=C1C([*])C[*].[*]CC([*])C1=CC=CC=C1,co-stat-PMTS-PS,statistical,"[0.3, 0.7]","[1.08, 0.77]",,0.0,,,False,"['CSC(C=C1)=CC=C1C([*])C[*]', '[*]CC([*])C1=CC=CC=C1']",syndiotactic,copolymer,random,
[21],165,CSC(C=C1)=CC=C1C([*])C[*].[*]CC([*])C1=CC=CC=C1,co-stat-PMTS-PS,statistical,"[0.38, 0.62]","[1.08, 0.77]",,0.0,,,False,"['CSC(C=C1)=CC=C1C([*])C[*]', '[*]CC([*])C1=CC=CC=C1']",syndiotactic,copolymer,random,
[21],166,CSC(C=C1)=CC=C1C([*])C[*].[*]CC([*])C1=CC=CC=C1,co-stat-PMTS-PS,statistical,"[0.49, 0.51]","[1.08, 0.77]",,0.0,,,False,"['CSC(C=C1)=CC=C1C([*])C[*]', '[*]CC([*])C1=CC=CC=C1']",syndiotactic,copolymer,random,
[21],167,CSC(C=C1)=CC=C1C([*])C[*].[*]CC([*])C1=CC=CC=C1,co-stat-PMTS-PS,statistical,"[0.57, 0.43000000000000005]","[1.08, 0.77]",,0.0,,,False,"['CSC(C=C1)=CC=C1C([*])C[*]', '[*]CC([*])C1=CC=CC=C1']",syndiotactic,copolymer,random,
[21],168,CSC(C=C1)=CC=C1C([*])C[*].[*]CC([*])C1=CC=CC=C1,co-stat-PMTS-PS,statistical,"[0.67, 0.32999999999999996]","[1.08, 0.77]",,0.0,,,False,"['CSC(C=C1)=CC=C1C([*])C[*]', '[*]CC([*])C1=CC=CC=C1']",syndiotactic,copolymer,random,
[21],169,CSC(C=C1)=CC=C1C([*])C[*].[*]CC([*])C1=CC=CC=C1,co-stat-PMTS-PS,statistical,"[0.73, 0.27]","[1.08, 0.77]",,0.0,,,False,"['CSC(C=C1)=CC=C1C([*])C[*]', '[*]CC([*])C1=CC=CC=C1']",syndiotactic,copolymer,random,
[21],170,CSC(C=C1)=CC=C1C([*])C[*].[*]CC([*])C1=CC=CC=C1,co-stat-PMTS-PS,statistical,"[0.84, 0.16000000000000003]","[1.08, 0.77]",,0.0,,221.0,True,"['CSC(C=C1)=CC=C1C([*])C[*]', '[*]CC([*])C1=CC=CC=C1']",syndiotactic,copolymer,random,
[21],171,CSC(C=C1)=CC=C1C([*])C[*].[*]CC([*])C1=CC=CC=C1,co-stat-PMTS-PS,statistical,"[0.93, 0.06999999999999995]","[1.08, 0.77]",,0.0,,227.0,True,"['CSC(C=C1)=CC=C1C([*])C[*]', '[*]CC([*])C1=CC=CC=C1']",syndiotactic,copolymer,random,
[21],172,CSC(C=C1)=CC=C1C([*])C[*].[*]CC([*])C1=CC=CC=C1,block-PS-PMTS,block,,,,0.0,,252.0,True,"['CSC(C=C1)=CC=C1C([*])C[*]', '[*]CC([*])C1=CC=CC=C1']",syndiotactic,copolymer,block,
[21],173,[*]CC([*])C1=CC=CC=C1.CSC(C=C1)=CC=C1C([*])C[*].[*]CC([*])C1=CC=CC=C1,block-PS-PMTS-PS,block,,,,0.0,,252.0,True,"['[*]CC([*])C1=CC=CC=C1', 'CSC(C=C1)=CC=C1C([*])C[*]', '[*]CC([*])C1=CC=CC=C1']",syndiotactic,copolymer,block,
[21],174,[*]CC([*])C1=CC=CC=C1.CSC(C=C1)=CC=C1C([*])C[*].[*]CC([*])C1=CC=CC=C1.CSC(C=C1)=CC=C1C([*])C[*],block-PS-PMTS-PS-PMTS,block,,,,0.0,,242.0,True,"['[*]CC([*])C1=CC=CC=C1', 'CSC(C=C1)=CC=C1C([*])C[*]', '[*]CC([*])C1=CC=CC=C1', 'CSC(C=C1)=CC=C1C([*])C[*]']",syndiotactic,copolymer,block,
[22],175,FC(C=CC=C1)=C1C([*])C[*],PoFS,block,,,,0.0,,245.5,True,['FC(C=CC=C1)=C1C([*])C[*]'],syndiotactic,homopolymer,,
[22],176,FC(C=CC=C1)=C1C([*])C[*].[*]CC([*])C1=CC=CC=C1,co-ran-PoFS-PS,statistical,"[0.1, 0.9]","[0.295, 0.289]",,0.0,,263.6,True,"['FC(C=CC=C1)=C1C([*])C[*]', '[*]CC([*])C1=CC=CC=C1']",syndiotactic,copolymer,random,
[22],177,FC(C=CC=C1)=C1C([*])C[*].[*]CC([*])C1=CC=CC=C1,co-ran-PoFS-PS,statistical,"[0.3, 0.7]","[0.295, 0.289]",,0.0,,257.7,True,"['FC(C=CC=C1)=C1C([*])C[*]', '[*]CC([*])C1=CC=CC=C1']",syndiotactic,copolymer,random,
[22],178,FC(C=CC=C1)=C1C([*])C[*].[*]CC([*])C1=CC=CC=C1,co-ran-PoFS-PS,statistical,"[0.5, 0.5]","[0.295, 0.289]",,0.0,,251.6,True,"['FC(C=CC=C1)=C1C([*])C[*]', '[*]CC([*])C1=CC=CC=C1']",syndiotactic,copolymer,random,
[22],179,FC(C=CC=C1)=C1C([*])C[*].[*]CC([*])C1=CC=CC=C1,co-ran-PoFS-PS,statistical,"[0.7, 0.30000000000000004]","[0.295, 0.289]",,0.0,,247.1,True,"['FC(C=CC=C1)=C1C([*])C[*]', '[*]CC([*])C1=CC=CC=C1']",syndiotactic,copolymer,random,
[22],180,FC(C=CC=C1)=C1C([*])C[*].[*]CC([*])C1=CC=CC=C1,co-ran-PoFS-PS,statistical,"[0.9, 0.09999999999999998]","[0.295, 0.289]",,0.0,,244.6,True,"['FC(C=CC=C1)=C1C([*])C[*]', '[*]CC([*])C1=CC=CC=C1']",syndiotactic,copolymer,random,
[23],181,[*]OC(COc1ccccc1)C[*].[*]C(C(C=CC=C1)=C1C(O[*])=O)=O,co-alt-PGE-PA,alternating,,,,,0.01,120.0,True,"['[*]OC(COc1ccccc1)C[*]', '[*]C(C(C=CC=C1)=C1C(O[*])=O)=O']",atactic,copolymer,alternating,
[23],182,[*]OC(C)C[*].[*]C(C(C=CC=C1)=C1C(O[*])=O)=O,co-alt-PO-PA,alternating,,,,,0.95,101.0,True,"['[*]OC(C)C[*]', '[*]C(C(C=CC=C1)=C1C(O[*])=O)=O']",isotactic,copolymer,alternating,
[23],183,[*]OC(C)C[*].[*]C(C(C=CC=C1)=C1C(O[*])=O)=O,co-alt-PO-PA,alternating,,,,,0.91,104.0,True,"['[*]OC(C)C[*]', '[*]C(C(C=CC=C1)=C1C(O[*])=O)=O']",isotactic,copolymer,alternating,
[23],184,[*]OC(CC)C[*].[*]C(C(C=CC=C1)=C1C(O[*])=O)=O,co-alt-BO-PA,alternating,,,,,0.94,127.0,True,"['[*]OC(CC)C[*]', '[*]C(C(C=CC=C1)=C1C(O[*])=O)=O']",isotactic,copolymer,alternating,
[23],185,[*]OC(CC)C[*].[*]C(C(C=CC=C1)=C1C(O[*])=O)=O,co-alt-BO-PA,alternating,,,,,0.9,139.0,True,"['[*]OC(CC)C[*]', '[*]C(C(C=CC=C1)=C1C(O[*])=O)=O']",isotactic,copolymer,alternating,
[23],186,[*]OC(CCCC)C[*].[*]C(C(C=CC=C1)=C1C(O[*])=O)=O,co-alt-HO-PA,alternating,,,,,0.95,,False,"['[*]OC(CCCC)C[*]', '[*]C(C(C=CC=C1)=C1C(O[*])=O)=O']",isotactic,copolymer,alternating,
[23],187,[*]OC(COC)C[*].[*]C(C(C=CC=C1)=C1C(O[*])=O)=O,co-alt-MEGE-PA,alternating,,,,,0.01,153.0,True,"['[*]OC(COC)C[*]', '[*]C(C(C=CC=C1)=C1C(O[*])=O)=O']",atactic,copolymer,alternating,
[23],188,[*]OC(COCC)C[*].[*]C(C(C=CC=C1)=C1C(O[*])=O)=O,co-alt-ETGE-PA,alternating,,,,,0.01,101.0,True,"['[*]OC(COCC)C[*]', '[*]C(C(C=CC=C1)=C1C(O[*])=O)=O']",atactic,copolymer,alternating,
[23],189,[*]OC(COC(C)C)C[*].[*]C(C(C=CC=C1)=C1C(O[*])=O)=O,co-alt-IPGE-PA,alternating,,,,,0.01,77.0,True,"['[*]OC(COC(C)C)C[*]', '[*]C(C(C=CC=C1)=C1C(O[*])=O)=O']",atactic,copolymer,alternating,
[23],190,[*]OC(COC(C)(C)C)C[*].[*]C(C(C=CC=C1)=C1C(O[*])=O)=O,co-alt-TBGE-pA,alternating,,,,,0.01,86.0,True,"['[*]OC(COC(C)(C)C)C[*]', '[*]C(C(C=CC=C1)=C1C(O[*])=O)=O']",atactic,copolymer,alternating,
[23],191,[*]OC(COCC1=CC=CO1)C[*].[*]C(C(C=CC=C1)=C1C(O[*])=O)=O,co-alt-FurGE-PA,alternating,,,,,0.01,88.0,True,"['[*]OC(COCC1=CC=CO1)C[*]', '[*]C(C(C=CC=C1)=C1C(O[*])=O)=O']",atactic,copolymer,alternating,
[23],192,[*]OC(COC1=C(C=CC=C2)C2=CC=C1)C[*].[*]C(C(C=CC=C1)=C1C(O[*])=O)=O,co-alt1-NGE-PA,alternating,,,,,0.01,,False,"['[*]OC(COC1=C(C=CC=C2)C2=CC=C1)C[*]', '[*]C(C(C=CC=C1)=C1C(O[*])=O)=O']",atactic,copolymer,alternating,
[23],193,[*]OC(COC1=CC(C=CC=C2)=C2C=C1)C[*].[*]C(C(C=CC=C1)=C1C(O[*])=O)=O,co-alt2-NGE-PA,alternating,,,,,0.01,113.0,True,"['[*]OC(COC1=CC(C=CC=C2)=C2C=C1)C[*]', '[*]C(C(C=CC=C1)=C1C(O[*])=O)=O']",atactic,copolymer,alternating,
[23],194,[*]OC(CCC1=CC=CC=C1)C[*].[*]C(C(C=CC=C1)=C1C(O[*])=O)=O,co-alt-BBO-PA,alternating,,,,,0.99,,False,"['[*]OC(CCC1=CC=CC=C1)C[*]', '[*]C(C(C=CC=C1)=C1C(O[*])=O)=O']",isotactic,copolymer,alternating,
[23],195,[*]OC(CCl)C[*].[*]C(C(C=CC=C1)=C1C(O[*])=O)=O,co-alt-ECH-PA,alternating,,,,,0.63,105.0,True,"['[*]OC(CCl)C[*]', '[*]C(C(C=CC=C1)=C1C(O[*])=O)=O']",stereo-irregular,copolymer,alternating,
[23],196,[*]OC(C1=CC=CC=C1)C[*].[*]C(C(C=CC=C1)=C1C(O[*])=O)=O,co-alt-SO-PA,alternating,,,,,0.82,160.0,True,"['[*]OC(C1=CC=CC=C1)C[*]', '[*]C(C(C=CC=C1)=C1C(O[*])=O)=O']",isotactic,copolymer,alternating,
[23],197,[*]OC(COc1ccccc1)C[*].[*]C(C(C=C(C=CC=C1)C1=C2)=C2C(O[*])=O)=O,co-alt-PGE-NA,alternating,,,,,0.05,127.0,True,"['[*]OC(COc1ccccc1)C[*]', '[*]C(C(C=C(C=CC=C1)C1=C2)=C2C(O[*])=O)=O']",atactic,copolymer,alternating,
[23],198,[*]OC(COc1ccccc1)C[*].[*]C(C(C=C(C)C(C)=C1)=C1C(O[*])=O)=O,co-alt-PGE-45DMPA,alternating,,,,,0.07,,False,"['[*]OC(COc1ccccc1)C[*]', '[*]C(C(C=C(C)C(C)=C1)=C1C(O[*])=O)=O']",atactic,copolymer,alternating,
[23],199,[*]OC(COc1ccccc1)C[*].[*]C(/C=C\C(O[*])=O)=O,co-alt-PGE-MA,alternating,,,,,0.55,,False,"['[*]OC(COc1ccccc1)C[*]', '[*]C(/C=C\\C(O[*])=O)=O']",stereo-irregular,copolymer,alternating,
[23],200,[*]OC(COc1ccccc1)C[*].[*]C(CCC(O[*])=O)=O,co-alt-PGE-SA,alternating,,,,,0.75,,False,"['[*]OC(COc1ccccc1)C[*]', '[*]C(CCC(O[*])=O)=O']",stereo-irregular,copolymer,alternating,
[23],201,[*]OC(C)C[*].[*]C(/C=C\C(O[*])=O)=O,co-alt-PO-MA,alternating,,,,,0.99,,False,"['[*]OC(C)C[*]', '[*]C(/C=C\\C(O[*])=O)=O']",isotactic,copolymer,alternating,
[23],202,[*]OC(COC1=C(C=CC=C2)C2=CC=C1)C[*].[*]C(/C=C\C(O[*])=O)=O,co-alt-1NGE-MA,alternating,,,,,0.0,,False,"['[*]OC(COC1=C(C=CC=C2)C2=CC=C1)C[*]', '[*]C(/C=C\\C(O[*])=O)=O']",atactic,copolymer,alternating,
[23],203,[*]OC(COC1=CC(C=CC=C2)=C2C=C1)C[*].[*]C(/C=C\C(O[*])=O)=O,co-alt-2NGE-MA,alternating,,,,,0.0,93.0,True,"['[*]OC(COC1=CC(C=CC=C2)=C2C=C1)C[*]', '[*]C(/C=C\\C(O[*])=O)=O']",atactic,copolymer,alternating,
[23],204,[*]OC(COC1=C(C=CC=C2)C2=CC=C1)C[*].[*]C(CCC(O[*])=O)=O,co-alt-1NGE-SA,alternating,,,,,0.12,,False,"['[*]OC(COC1=C(C=CC=C2)C2=CC=C1)C[*]', '[*]C(CCC(O[*])=O)=O']",atactic,copolymer,alternating,
[23],205,[*]OC(COC1=CC(C=CC=C2)=C2C=C1)C[*].[*]C(CCC(O[*])=O)=O,co-alt2-NGE-SA,alternating,,,,,0.01,95.0,True,"['[*]OC(COC1=CC(C=CC=C2)=C2C=C1)C[*]', '[*]C(CCC(O[*])=O)=O']",atactic,copolymer,alternating,
[24],206,[*]OC(C1=CC=CC=C1)CCCC([*])=O,S-bPVL,block,,,[-1],,,,False,['[*]OC(C1=CC=CC=C1)CCCC([*])=O'],isotactic,homopolymer,,
[24],207,[*]OC(C1=CC=CC=C1)CCCC([*])=O,R-bPVL,block,,,[1],,,,False,['[*]OC(C1=CC=CC=C1)CCCC([*])=O'],isotactic,homopolymer,,
[24],208,[*]OC(C1=CC=CC=C1)CCCC([*])=O,rac-bPVL,block,,,['ran'],,,,False,['[*]OC(C1=CC=CC=C1)CCCC([*])=O'],atactic,homopolymer,,
[24],209,[*]OC(CCCCCCC)CCCC([*])=O,R-hPVL,block,,,[1],,,-18.0,True,['[*]OC(CCCCCCC)CCCC([*])=O'],isotactic,homopolymer,,
[24],210,[*]OC(CCCCCCC)CCCC([*])=O,S-hPVL,block,,,[-1],,,-14.0,True,['[*]OC(CCCCCCC)CCCC([*])=O'],isotactic,homopolymer,,
[24],211,[*]OC(CCCCCCC)CCCC([*])=O,rac-hPVL,block,,,['ran'],,,,False,['[*]OC(CCCCCCC)CCCC([*])=O'],atactic,homopolymer,,
[25],212,[*]OC(CC(OC(CC)CC([*])=O)=O)CC,P3HV,block,,,,0.91,,,False,['[*]OC(CC(OC(CC)CC([*])=O)=O)CC'],isotactic,homopolymer,,
[25],213,[*]OC(CC(OC(CC)CC([*])=O)=O)CC,P3HV,block,,,,0.9,,,False,['[*]OC(CC(OC(CC)CC([*])=O)=O)CC'],isotactic,homopolymer,,
[25],214,[*]OC(CC(OC(CC)CC([*])=O)=O)CC,P3HV,block,,,,0.91,,,False,['[*]OC(CC(OC(CC)CC([*])=O)=O)CC'],isotactic,homopolymer,,
[25],215,[*]OC(CC(OC(CC)CC([*])=O)=O)CC,P3HV,block,,,,0.96,,108.0,True,['[*]OC(CC(OC(CC)CC([*])=O)=O)CC'],isotactic,homopolymer,,
[25],216,[*]OC(CC(OC(CC)CC([*])=O)=O)CC,P3HV,block,,,,0.96,,108.0,True,['[*]OC(CC(OC(CC)CC([*])=O)=O)CC'],isotactic,homopolymer,,
[25],217,[*]OC(CC(OC(CC)CC([*])=O)=O)CC,P3HV,block,,,,0.96,,108.0,True,['[*]OC(CC(OC(CC)CC([*])=O)=O)CC'],isotactic,homopolymer,,
[25],218,[*]OC(CC(OC(CC)CC([*])=O)=O)CC,P3HV,block,,,,0.86,,,False,['[*]OC(CC(OC(CC)CC([*])=O)=O)CC'],isotactic,homopolymer,,
[25],219,[*]OC(CC(OC(CCCC)CC([*])=O)=O)CCCC,P3HHp,block,,,,0.97,,,False,['[*]OC(CC(OC(CCCC)CC([*])=O)=O)CCCC'],isotactic,homopolymer,,
[25],220,[*]OC(CC(OC(CCCC)CC([*])=O)=O)CCCC,P3HHp,block,,,,0.97,,,False,['[*]OC(CC(OC(CCCC)CC([*])=O)=O)CCCC'],isotactic,homopolymer,,
[25],221,[*]OC(CC(OC(CCCC)CC([*])=O)=O)CCCC,P3HHp,block,,,,0.97,,,False,['[*]OC(CC(OC(CCCC)CC([*])=O)=O)CCCC'],isotactic,homopolymer,,
[25],222,[*]OC(CC(OC(CCCC)CC([*])=O)=O)CCCC,P3HHp,block,,,,0.97,,,False,['[*]OC(CC(OC(CCCC)CC([*])=O)=O)CCCC'],isotactic,homopolymer,,
[25],223,[*]OC(CC(OC(CCCC)CC([*])=O)=O)CCCC,P3HHp,block,,,,0.85,,,False,['[*]OC(CC(OC(CCCC)CC([*])=O)=O)CCCC'],isotactic,homopolymer,,
[25],224,[*]OC(CC(OC(C)CC([*])=O)=O)C,P3HB,block,,,['ran'],,,157.0,True,['[*]OC(CC(OC(C)CC([*])=O)=O)C'],atactic,homopolymer,,
[25],225,[*]OC(CC(OC(C)CC([*])=O)=O)C.[*]OC(CC(OC(CC)CC([*])=O)=O)CC,co-ran-P3HB-P3HV,statistical,"[0.09, 0.91]",,['ran'],,,149.0,True,"['[*]OC(CC(OC(C)CC([*])=O)=O)C', '[*]OC(CC(OC(CC)CC([*])=O)=O)CC']",atactic,copolymer,random,
[25],226,[*]OC(CC(OC(C)CC([*])=O)=O)C.[*]OC(CC(OC(CC)CC([*])=O)=O)CC,co-ran-P3HB-P3HV,statistical,"[0.134, 0.866]",,['ran'],,,144.0,True,"['[*]OC(CC(OC(C)CC([*])=O)=O)C', '[*]OC(CC(OC(CC)CC([*])=O)=O)CC']",atactic,copolymer,random,
[25],227,[*]OC(CC(OC(C)CC([*])=O)=O)C.[*]OC(CC(OC(CC)CC([*])=O)=O)CC,co-ran-P3HB-P3HV,statistical,"[0.186, 0.8140000000000001]",,['ran'],,,138.0,True,"['[*]OC(CC(OC(C)CC([*])=O)=O)C', '[*]OC(CC(OC(CC)CC([*])=O)=O)CC']",atactic,copolymer,random,
[25],228,[*]OC(CC(OC(C)CC([*])=O)=O)C.[*]OC(CC(OC(CC)CC([*])=O)=O)CC,co-ran-P3HB-P3HV,statistical,"[0.239, 0.761]",,['ran'],,,128.0,True,"['[*]OC(CC(OC(C)CC([*])=O)=O)C', '[*]OC(CC(OC(CC)CC([*])=O)=O)CC']",atactic,copolymer,random,
[25],229,[*]OC(CC(OC(C)CC([*])=O)=O)C.[*]OC(CC(OC(CC)CC([*])=O)=O)CC,co-ran-P3HB-P3HV,statistical,"[0.421, 0.579]",,['ran'],,,,False,"['[*]OC(CC(OC(C)CC([*])=O)=O)C', '[*]OC(CC(OC(CC)CC([*])=O)=O)CC']",atactic,copolymer,random,
[25],230,[*]OC(CC(OC(C)CC([*])=O)=O)C.[*]OC(CC(OC(CC)CC([*])=O)=O)CC,co-ran-P3HB-P3HV,statistical,"[0.039, 0.961]",,['ran'],,,150.0,True,"['[*]OC(CC(OC(C)CC([*])=O)=O)C', '[*]OC(CC(OC(CC)CC([*])=O)=O)CC']",atactic,copolymer,random,
[25],231,[*]OC(CC(OC(C)CC([*])=O)=O)C.[*]OC(CC(OC(CC)CC([*])=O)=O)CC,co-ran-P3HB-P3HV,statistical,"[0.066, 0.9339999999999999]",,['ran'],,,149.0,True,"['[*]OC(CC(OC(C)CC([*])=O)=O)C', '[*]OC(CC(OC(CC)CC([*])=O)=O)CC']",atactic,copolymer,random,
[25],232,[*]OC(CC(OC(C)CC([*])=O)=O)C.[*]OC(CC(OC(CC)CC([*])=O)=O)CC,co-ran-P3HB-P3HV,statistical,"[0.07, 0.9299999999999999]",,['ran'],,,144.0,True,"['[*]OC(CC(OC(C)CC([*])=O)=O)C', '[*]OC(CC(OC(CC)CC([*])=O)=O)CC']",atactic,copolymer,random,
[25],233,[*]OC(CC(OC(C)CC([*])=O)=O)C.[*]OC(CC(OC(CC)CC([*])=O)=O)CC,co-ran-P3HB-P3HV,statistical,"[0.108, 0.892]",,['ran'],,,143.0,True,"['[*]OC(CC(OC(C)CC([*])=O)=O)C', '[*]OC(CC(OC(CC)CC([*])=O)=O)CC']",atactic,copolymer,random,
[25],234,[*]OC(CC(OC(C)CC([*])=O)=O)C.[*]OC(CC(OC(CC)CC([*])=O)=O)CC,co-ran-P3HB-P3HV,statistical,"[0.112, 0.888]",,['ran'],,,138.0,True,"['[*]OC(CC(OC(C)CC([*])=O)=O)C', '[*]OC(CC(OC(CC)CC([*])=O)=O)CC']",atactic,copolymer,random,
[25],235,[*]OC(CC(OC(C)CC([*])=O)=O)C.[*]OC(CC(OC(CC)CC([*])=O)=O)CC,co-ran-P3HB-P3HV,statistical,"[0.157, 0.843]",,['ran'],,,138.0,True,"['[*]OC(CC(OC(C)CC([*])=O)=O)C', '[*]OC(CC(OC(CC)CC([*])=O)=O)CC']",atactic,copolymer,random,
[25],236,[*]OC(CC(OC(C)CC([*])=O)=O)C.[*]OC(CC(OC(CC)CC([*])=O)=O)CC,co-ran-P3HB-P3HV,statistical,"[0.154, 0.846]",,['ran'],,,131.0,True,"['[*]OC(CC(OC(C)CC([*])=O)=O)C', '[*]OC(CC(OC(CC)CC([*])=O)=O)CC']",atactic,copolymer,random,
[25],237,[*]OC(CC(OC(C)CC([*])=O)=O)C.[*]OC(CC(OC(CC)CC([*])=O)=O)CC,co-ran-P3HB-P3HV,statistical,"[0.21, 0.79]",,['ran'],,,130.0,True,"['[*]OC(CC(OC(C)CC([*])=O)=O)C', '[*]OC(CC(OC(CC)CC([*])=O)=O)CC']",atactic,copolymer,random,
[25],238,[*]OC(CC(OC(C)CC([*])=O)=O)C.[*]OC(CC(OC(CC)CC([*])=O)=O)CC,co-ran-P3HB-P3HV,statistical,"[0.269, 0.731]",,['ran'],,,114.0,True,"['[*]OC(CC(OC(C)CC([*])=O)=O)C', '[*]OC(CC(OC(CC)CC([*])=O)=O)CC']",atactic,copolymer,random,
[25],239,[*]OC(CC(OC(C)CC([*])=O)=O)C.[*]OC(CC(OC(CC)CC([*])=O)=O)CC,co-ran-P3HB-P3HV,statistical,"[0.376, 0.624]",,['ran'],,,,False,"['[*]OC(CC(OC(C)CC([*])=O)=O)C', '[*]OC(CC(OC(CC)CC([*])=O)=O)CC']",atactic,copolymer,random,
[25],240,[*]OC(CC(OC(C)CC([*])=O)=O)C.[*]OC(CC(OC(CC)CC([*])=O)=O)CC,co-ran-P3HB-P3HV,statistical,"[0.15, 0.85]",,['ran'],,,137.0,True,"['[*]OC(CC(OC(C)CC([*])=O)=O)C', '[*]OC(CC(OC(CC)CC([*])=O)=O)CC']",atactic,copolymer,random,
[25],241,[*]OC(CC(OC(C)CC([*])=O)=O)C.[*]OC(CC(OC(CC)CC([*])=O)=O)CC,co-ran-P3HB-P3HV,statistical,"[0.199, 0.8009999999999999]",,['ran'],,,131.0,True,"['[*]OC(CC(OC(C)CC([*])=O)=O)C', '[*]OC(CC(OC(CC)CC([*])=O)=O)CC']",atactic,copolymer,random,
[25],242,[*]OC(CC(OC(C)CC([*])=O)=O)C.[*]OC(CC(OC(CC)CC([*])=O)=O)CC,co-ran-P3HB-P3HV,statistical,"[0.346, 0.654]",,['ran'],,,,False,"['[*]OC(CC(OC(C)CC([*])=O)=O)C', '[*]OC(CC(OC(CC)CC([*])=O)=O)CC']",atactic,copolymer,random,
[25],243,[*]OC(CC(OC(C)CC([*])=O)=O)C.[*]OC(CC(OC(CC)CC([*])=O)=O)CC,co-ran-P3HB-P3HV,statistical,"[0.137, 0.863]",,['ran'],,,138.0,True,"['[*]OC(CC(OC(C)CC([*])=O)=O)C', '[*]OC(CC(OC(CC)CC([*])=O)=O)CC']",atactic,copolymer,random,
[25],244,[*]OC(CC(OC(C)CC([*])=O)=O)C.[*]OC(CC(OC(CC)CC([*])=O)=O)CC,co-ran-P3HB-P3HV,statistical,"[0.199, 0.8009999999999999]",,['ran'],,,132.0,True,"['[*]OC(CC(OC(C)CC([*])=O)=O)C', '[*]OC(CC(OC(CC)CC([*])=O)=O)CC']",atactic,copolymer,random,
[25],245,[*]OC(CC(OC(C)CC([*])=O)=O)C.[*]OC(CC(OC(CC)CC([*])=O)=O)CC,co-ran-P3HB-P3HV,statistical,"[0.293, 0.7070000000000001]",,['ran'],,,,False,"['[*]OC(CC(OC(C)CC([*])=O)=O)C', '[*]OC(CC(OC(CC)CC([*])=O)=O)CC']",atactic,copolymer,random,
[25],246,[*]OC(CC(OC(C)CC([*])=O)=O)C.[*]OC(CC(OC(CC)CC([*])=O)=O)CC,co-ran-P3HB-P3HV,statistical,"[0.057, 0.943]",,['ran'],,,156.0,True,"['[*]OC(CC(OC(C)CC([*])=O)=O)C', '[*]OC(CC(OC(CC)CC([*])=O)=O)CC']",atactic,copolymer,random,
[26],247,[*]OC(C)CC([*])=O,PHA-Me,block,,,[1],1.0,,178.0,True,['[*]OC(C)CC([*])=O'],isotactic,homopolymer,,
[26],248,[*]OC(CC)CC([*])=O,PHA-Et,block,,,[1],1.0,,108.0,True,['[*]OC(CC)CC([*])=O'],isotactic,homopolymer,,
[26],249,[*]OC(C)CC([*])=O.[*]OC(CC)CC([*])=O,PHA-co-alt-Me-Et,alternating,,,"[1, -1]",0.91,,83.0,True,"['[*]OC(C)CC([*])=O', '[*]OC(CC)CC([*])=O']",isotactic,copolymer,alternating,
[26],250,[*]OC(CC)CC([*])=O,PHA-co-alt-Et-Et,block,,,['alt'],0.94,,79.0,True,['[*]OC(CC)CC([*])=O'],isotactic,homopolymer,,
[26],251,[*]OC(CC)CC([*])=O,PHA-co-alt-Et-Et,block,,,['alt'],0.93,,78.0,True,['[*]OC(CC)CC([*])=O'],isotactic,homopolymer,,
[26],252,[*]OC(CC(F)(F)C(F)(F)C(F)(F)C(F)(F)F)CC([*])=O,PHA-co-alt-P5-P5,block,,,['alt'],,,210.0,True,['[*]OC(CC(F)(F)C(F)(F)C(F)(F)C(F)(F)F)CC([*])=O'],syndiotactic,homopolymer,,
[26],253,[*]OC(C)CC([*])=O.[*]OC(CCCC)CC([*])=O,PHA-co-alt-Me-Bu,alternating,,,"[1, -1]",0.93,,47.0,True,"['[*]OC(C)CC([*])=O', '[*]OC(CCCC)CC([*])=O']",isotactic,copolymer,alternating,
[26],254,[*]OC(C)CC([*])=O.[*]OC(CC)CC([*])=O,PHA-co-alt-Me-Et,alternating,,,"[1, -1]",0.9,,87.0,True,"['[*]OC(C)CC([*])=O', '[*]OC(CC)CC([*])=O']",isotactic,copolymer,alternating,
[26],255,[*]OC(C)CC([*])=O.[*]OC(CC)CC([*])=O,PHA-co-alt-Me-Et,alternating,,,"[1, -1]",0.91,,88.0,True,"['[*]OC(C)CC([*])=O', '[*]OC(CC)CC([*])=O']",isotactic,copolymer,alternating,
[26],256,[*]OC(C)CC([*])=O.[*]OC(COCC)CC([*])=O,PHA-co-alt-Me-COEt,alternating,,,"[1, -1]",0.94,,80.0,True,"['[*]OC(C)CC([*])=O', '[*]OC(COCC)CC([*])=O']",isotactic,copolymer,alternating,
[26],257,[*]OC(C)CC([*])=O.[*]OC(CC(F)(F)C(F)(F)C(F)(F)C(F)(F)F)CC([*])=O,PHA-co-alt-Me-P5,alternating,,,"[1, -1]",0.91,,161.0,True,"['[*]OC(C)CC([*])=O', '[*]OC(CC(F)(F)C(F)(F)C(F)(F)C(F)(F)F)CC([*])=O']",isotactic,copolymer,alternating,
[27],258,[*]OC(CC(C)[*])=O,P3HB,block,,,,0.4,,,False,['[*]OC(CC(C)[*])=O'],atactic,homopolymer,,
[27],259,[*]OC(CC(C)[*])=O,P3HB,block,,,,0.04,,,False,['[*]OC(CC(C)[*])=O'],syndiotactic,homopolymer,,
[27],260,[*]OC(CC(C)[*])=O,P3HB,block,,,,0.14,,,False,['[*]OC(CC(C)[*])=O'],syndiotactic,homopolymer,,
[27],261,[*]OC(CC(C)[*])=O,P3HB,block,,,,0.04,,151.0,True,['[*]OC(CC(C)[*])=O'],syndiotactic,homopolymer,,
[27],262,[*]OC(CC(C)[*])=O,P3HB,block,,,,0.29,,,False,['[*]OC(CC(C)[*])=O'],stereo-irregular,homopolymer,,
[27],263,[*]OC(C)C([*])=O,PLA,block,,,,1.0,,175.0,True,['[*]OC(C)C([*])=O'],isotactic,homopolymer,,
[28],264,[*]OC(C)C([*])=O,PLA,block,,,,1.0,,178.0,True,['[*]OC(C)C([*])=O'],isotactic,homopolymer,,
[28],265,[*]OC(C)C([*])=O,PLA,block,,,,0.24,,,False,['[*]OC(C)C([*])=O'],stereo-irregular,homopolymer,,
[28],266,[*]OC(C)C([*])=O,PLA,block,,,,0.11,,,False,['[*]OC(C)C([*])=O'],syndiotactic,homopolymer,,
[29],267,[*]OC(C)C([*])=O.[*]OC(CC(C)[*])=O,co-ran-PLA-P3HB,statistical,"[0.06, 0.94]",,,1.0,,160.0,True,"['[*]OC(C)C([*])=O', '[*]OC(CC(C)[*])=O']",isotactic,copolymer,random,
[29],268,[*]OC(C)C([*])=O.[*]OC(CC(C)[*])=O,co-ran-PLA-P3HB,statistical,"[0.21, 0.79]",,,1.0,,157.0,True,"['[*]OC(C)C([*])=O', '[*]OC(CC(C)[*])=O']",isotactic,copolymer,random,
[29],269,[*]OC(C)C([*])=O.[*]OC(CC(C)[*])=O,co-ran-PLA-P3HB,statistical,"[0.327, 0.673]",,,1.0,,148.0,True,"['[*]OC(C)C([*])=O', '[*]OC(CC(C)[*])=O']",isotactic,copolymer,random,
[29],270,[*]OC(C)C([*])=O.[*]OC(CC(C)[*])=O,co-ran-PLA-P3HB,statistical,"[0.4, 0.6]",,,1.0,,148.0,True,"['[*]OC(C)C([*])=O', '[*]OC(CC(C)[*])=O']",isotactic,copolymer,random,
[29],271,[*]OC(C)C([*])=O.[*]OC(CC(C)[*])=O,co-ran-PLA-P3HB,statistical,"[0.48, 0.52]",,,1.0,,125.0,True,"['[*]OC(C)C([*])=O', '[*]OC(CC(C)[*])=O']",isotactic,copolymer,random,
[29],272,[*]OC(C)C([*])=O.[*]OC(CC(C)[*])=O,co-ran-PLA-P3HB,statistical,"[0.66, 0.33999999999999997]",,,1.0,,,False,"['[*]OC(C)C([*])=O', '[*]OC(CC(C)[*])=O']",isotactic,copolymer,random,
[30],273,[*]OC(CC(C)[*])=O,P3HB,block,,,,1.0,,163.0,True,['[*]OC(CC(C)[*])=O'],isotactic,homopolymer,,
[30],274,[*]OC(C)CC([*])=O.[*]OC(C)CC(OCC[*])=O,co-ran-bBL-MOHEL,statistical,"[0.78, 0.21999999999999997]",,,1.0,,129.0,True,"['[*]OC(C)CC([*])=O', '[*]OC(C)CC(OCC[*])=O']",isotactic,copolymer,random,
[30],275,[*]OC(C)CC([*])=O.[*]OC(C)CC(OCC[*])=O,co-ran-bBL-MOHEL,statistical,"[0.76, 0.24]",,,1.0,,122.0,True,"['[*]OC(C)CC([*])=O', '[*]OC(C)CC(OCC[*])=O']",isotactic,copolymer,random,
[30],276,[*]OC(C)CC([*])=O.[*]OC(C)CC(OCC[*])=O,co-ran-bBL-MOHEL,statistical,"[0.48, 0.52]",,,1.0,,90.0,True,"['[*]OC(C)CC([*])=O', '[*]OC(C)CC(OCC[*])=O']",isotactic,copolymer,random,
[30],277,[*]OC(C)CC([*])=O.[*]OC(C)CC(OCC[*])=O,co-ran-bBL-MOHEL,statistical,"[0.36, 0.64]",,,1.0,,63.0,True,"['[*]OC(C)CC([*])=O', '[*]OC(C)CC(OCC[*])=O']",isotactic,copolymer,random,
[30],278,[*]OC(C)CC([*])=O.[*]OC(C)CC(OCC[*])=O,co-ran-bBL-MOHEL,statistical,"[0.18, 0.8200000000000001]",,,1.0,,35.0,True,"['[*]OC(C)CC([*])=O', '[*]OC(C)CC(OCC[*])=O']",isotactic,copolymer,random,
[30],279,[*]OC(C)CC(OCC[*])=O,PMOHEL,block,,,,1.0,,11.0,True,['[*]OC(C)CC(OCC[*])=O'],isotactic,homopolymer,,
[31],280,[*]OC(CC(C)[*])=O,P3HB,block,,,,0.2,,133.0,True,['[*]OC(CC(C)[*])=O'],stereo-irregular,homopolymer,,
[31],281,[*]OC(CC(C)[*])=O,P3HB,block,,,,0.18,,126.0,True,['[*]OC(CC(C)[*])=O'],syndiotactic,homopolymer,,
[31],282,[*]OC(CC(C)[*])=O,P3HB,block,,,,0.1,,167.0,True,['[*]OC(CC(C)[*])=O'],syndiotactic,homopolymer,,
[31],283,[*]OC(CC(C)[*])=O,P3HB,block,,,,0.06,,178.0,True,['[*]OC(CC(C)[*])=O'],syndiotactic,homopolymer,,
[31],284,[*]OC(CC(C)[*])=O,P3HB,block,,,,0.12,,155.0,True,['[*]OC(CC(C)[*])=O'],syndiotactic,homopolymer,,
[31],285,[*]OC(CC(C)[*])=O,P3HB,block,,,,0.12,,150.0,True,['[*]OC(CC(C)[*])=O'],syndiotactic,homopolymer,,
[31],286,[*]OC(CC(C)[*])=O,P3HB,block,,,,0.13,,150.0,True,['[*]OC(CC(C)[*])=O'],syndiotactic,homopolymer,,
[31],287,[*]OC(CC(C)[*])=O,P3HB,block,,,,0.06,,183.0,True,['[*]OC(CC(C)[*])=O'],syndiotactic,homopolymer,,
[31],288,[*]OC(CC(C)[*])=O,P3HB,block,,,,0.36,,51.0,True,['[*]OC(CC(C)[*])=O'],stereo-irregular,homopolymer,,
[32],289,[*]OC(CC(C)[*])=O,P3HB,block,,,,0.91,,136.0,True,['[*]OC(CC(C)[*])=O'],isotactic,homopolymer,,
[32],290,[*]OC(CC(C)[*])=O,P3HB,block,,,,0.93,,143.0,True,['[*]OC(CC(C)[*])=O'],isotactic,homopolymer,,
[32],291,[*]OC(CC(C)[*])=O,P3HB,block,,,,0.94,,145.0,True,['[*]OC(CC(C)[*])=O'],isotactic,homopolymer,,
[32],292,[*]OC(CC(C)[*])=O,P3HB,block,,,,0.93,,146.0,True,['[*]OC(CC(C)[*])=O'],isotactic,homopolymer,,
[32],293,[*]OC(CC(C)[*])=O,P3HB,block,,,,0.95,,147.0,True,['[*]OC(CC(C)[*])=O'],isotactic,homopolymer,,
[32],294,[*]OC(CC(C)[*])=O,P3HB,block,,,,0.95,,147.0,True,['[*]OC(CC(C)[*])=O'],isotactic,homopolymer,,
[32],295,[*]OC(CC(C)[*])=O,P3HB,block,,,,0.96,,157.0,True,['[*]OC(CC(C)[*])=O'],isotactic,homopolymer,,
[32],296,[*]OC(CC(C)[*])=O,P3HB,block,,,,0.96,,156.0,True,['[*]OC(CC(C)[*])=O'],isotactic,homopolymer,,
[32],297,[*]OC(CC(C)[*])=O,P3HB,block,,,,0.99,,161.0,True,['[*]OC(CC(C)[*])=O'],isotactic,homopolymer,,
[32],298,[*]OC(CC(C)[*])=O,P3HB,block,,,,1.0,,164.0,True,['[*]OC(CC(C)[*])=O'],isotactic,homopolymer,,
[32],299,[*]OC(CC(C)[*])=O,P3HB,block,,,,1.0,,169.0,True,['[*]OC(CC(C)[*])=O'],isotactic,homopolymer,,
[32],300,[*]OC(CC(C)[*])=O,P3HB,block,,,,1.0,,170.0,True,['[*]OC(CC(C)[*])=O'],isotactic,homopolymer,,
[32],301,[*]OC(CC(C)[*])=O,P3HB,block,,,,1.0,,171.0,True,['[*]OC(CC(C)[*])=O'],isotactic,homopolymer,,
[32],302,[*]OC(CC(C)[*])=O,P3HB,block,,,,0.88,,121.0,True,['[*]OC(CC(C)[*])=O'],isotactic,homopolymer,,
[32],303,[*]OC(CC(C)[*])=O,P3HB,block,,,,0.89,,122.0,True,['[*]OC(CC(C)[*])=O'],isotactic,homopolymer,,
[33],304,[*]C(C(CC1=CC=CC=C1)O[*])=O,syndio-benzyl-O-carboxyanhydride,block,,,,0.11,,,False,['[*]C(C(CC1=CC=CC=C1)O[*])=O'],syndiotactic,homopolymer,,
[33],305,[*]C(C(CC1=CC=CC=C1)O[*])=O,iso-benzyl-O-carboxyanhydride,block,,,,1.0,,,False,['[*]C(C(CC1=CC=CC=C1)O[*])=O'],isotactic,homopolymer,,
[33],306,[*]C(C(CC1=CC=CC=C1)O[*])=O,stereoblock-benzyl-O-carboxyanhydride,block,,,,0.96,,153.0,True,['[*]C(C(CC1=CC=CC=C1)O[*])=O'],isotactic,homopolymer,,
[33],307,[*]C(C(O[*])COCC1=CC=CC=C1)=O,iso-methoxyphenyl-OCA,block,,,,1.0,,,False,['[*]C(C(O[*])COCC1=CC=CC=C1)=O'],isotactic,homopolymer,,
[33],308,[*]C(C(O[*])COCC1=CC=CC=C1)=O,stereoblock-methoxyphenyl-OCA,block,,,,0.81,,,False,['[*]C(C(O[*])COCC1=CC=CC=C1)=O'],isotactic,homopolymer,,
[33],309,[*]C(C(O[*])CCC(OCC1=CC=CC=C1)=O)=O,iso-esterbenzyl-OCA,block,,,,1.0,,,False,['[*]C(C(O[*])CCC(OCC1=CC=CC=C1)=O)=O'],isotactic,homopolymer,,
[33],310,[*]C(C(O[*])CCC(OCC1=CC=CC=C1)=O)=O,stereoblock-esterbenzyl-OCA,block,,,,0.94,,,False,['[*]C(C(O[*])CCC(OCC1=CC=CC=C1)=O)=O'],isotactic,homopolymer,,
[33],311,[*]C(C(O[*])CCC(OCC1=CC=CC=C1)=O)=O,syndio-esterbenzyl-OCA,block,,,,0.22,,,False,['[*]C(C(O[*])CCC(OCC1=CC=CC=C1)=O)=O'],stereo-irregular,homopolymer,,
[33],312,[*]C(C(O[*])C)=O,iso-methyl-OCA,block,,,,1.0,,173.0,True,['[*]C(C(O[*])C)=O'],isotactic,homopolymer,,
[33],313,[*]C(C(O[*])C)=O,stereoblock-methyl-OCA,block,,,,0.9,,146.0,True,['[*]C(C(O[*])C)=O'],isotactic,homopolymer,,
[33],314,[*]C(C(O[*])C1=CC=CC=C1)=O,iso-phenyl-OCA,block,,,,1.0,,213.0,True,['[*]C(C(O[*])C1=CC=CC=C1)=O'],isotactic,homopolymer,,
[33],315,[*]C(C(O[*])C1=CC=CC=C1)=O,stereoblock-phenyl-OCA,block,,,,0.77,,,False,['[*]C(C(O[*])C1=CC=CC=C1)=O'],stereo-irregular,homopolymer,,
[33],316,[*]C(C(O[*])C1=CC=CC=C1)=O,stereoblock-phenyl-OCA,block,,,,0.97,,,False,['[*]C(C(O[*])C1=CC=CC=C1)=O'],isotactic,homopolymer,,
[33],317,[*]C(C(O[*])C1=CC=CC=C1)=O,syndio-phenyl-OCA,block,,,,0.18,,,False,['[*]C(C(O[*])C1=CC=CC=C1)=O'],syndiotactic,homopolymer,,
[33],318,[*]C(C(O[*])C1=CC=CC=C1)=O,syndio-phenyl-OCA,block,,,,0.09,,145.0,True,['[*]C(C(O[*])C1=CC=CC=C1)=O'],syndiotactic,homopolymer,,
[34],319,[*]OC(CC(C)[*])=O,P3HB,block,,,,1.0,,163.0,True,['[*]OC(CC(C)[*])=O'],isotactic,homopolymer,,
[34],320,[*]OC(CC(C)[*])=O.[*]C(CCCCCO[*])=O,co-ran-P3HB-e-CL,statistical,"[0.9, 0.09999999999999998]",,[1],,,126.0,True,"['[*]OC(CC(C)[*])=O', '[*]C(CCCCCO[*])=O']",isotactic,copolymer,random,
[34],321,[*]OC(CC(C)[*])=O.[*]C(CCCCCO[*])=O,co-ran-P3HB-e-CL,statistical,"[0.88, 0.12]",,[1],,,119.0,True,"['[*]OC(CC(C)[*])=O', '[*]C(CCCCCO[*])=O']",isotactic,copolymer,random,
[34],322,[*]OC(CC(C)[*])=O.[*]C(CCCCCO[*])=O,co-ran-P3HB-e-CL,statistical,"[0.89, 0.10999999999999999]",,[1],,,119.0,True,"['[*]OC(CC(C)[*])=O', '[*]C(CCCCCO[*])=O']",isotactic,copolymer,random,
[34],323,[*]OC(CC(C)[*])=O.[*]C(CCCCCO[*])=O,co-ran-P3HB-e-CL,statistical,"[0.8, 0.19999999999999996]",,[1],,,97.0,True,"['[*]OC(CC(C)[*])=O', '[*]C(CCCCCO[*])=O']",isotactic,copolymer,random,
[34],324,[*]OC(CC(C)[*])=O.[*]C(CCCCCO[*])=O,co-ran-P3HB-e-CL,statistical,"[0.09, 0.91]",,[1],,,47.0,True,"['[*]OC(CC(C)[*])=O', '[*]C(CCCCCO[*])=O']",isotactic,copolymer,random,
[34],325,[*]OC(CC(C)[*])=O.[*]C(CCCCO[*])=O,co-ran-P3HB-d-VL,statistical,"[0.9, 0.09999999999999998]",,[1],,,113.0,True,"['[*]OC(CC(C)[*])=O', '[*]C(CCCCO[*])=O']",isotactic,copolymer,random,
[34],326,[*]OC(CC(C)[*])=O.[*]C(CC(C)CCO[*])=O,co-ran-P3HB-b-Me-d-VL,statistical,"[0.91, 0.08999999999999997]",,[1],,,115.0,True,"['[*]OC(CC(C)[*])=O', '[*]C(CC(C)CCO[*])=O']",isotactic,copolymer,random,
[34],327,[*]OC(CC(C)[*])=O.[*]C(C)C(OC(C)C(O[*])=O)=O,co-ran-P3HB-L-LA,statistical,"[0.83, 0.17000000000000004]",,[1],,,120.0,True,"['[*]OC(CC(C)[*])=O', '[*]C(C)C(OC(C)C(O[*])=O)=O']",isotactic,copolymer,random,
[35],328,[*]OC(CC(C)[*])=O.[*]C(CCCCCO[*])=O,block-P3HB-CL,block,"[0.967, 0.03300000000000003]",,,1.0,,162.3,True,"['[*]OC(CC(C)[*])=O', '[*]C(CCCCCO[*])=O']",isotactic,copolymer,block,
[35],329,[*]OC(CC(C)[*])=O.[*]C(CCCCCO[*])=O,co-ran-P3HB-e-CL,statistical,"[0.845, 0.15500000000000003]",,,1.0,,156.6,True,"['[*]OC(CC(C)[*])=O', '[*]C(CCCCCO[*])=O']",isotactic,copolymer,random,
[35],330,[*]OC(CC(C)[*])=O.[*]C(CCCCCO[*])=O,co-ran-P3HB-e-CL,statistical,"[0.889, 0.11099999999999999]",,,1.0,,149.7,True,"['[*]OC(CC(C)[*])=O', '[*]C(CCCCCO[*])=O']",isotactic,copolymer,random,
[35],331,[*]OC(CC(C)[*])=O.[*]C(CCCCCO[*])=O,co-ran-P3HB-e-CL,statistical,"[0.869, 0.131]",,,1.0,,149.0,True,"['[*]OC(CC(C)[*])=O', '[*]C(CCCCCO[*])=O']",isotactic,copolymer,random,
[35],332,[*]OC(CC(C)[*])=O.[*]C(CCCCCO[*])=O,co-ran-P3HB-e-CL,statistical,"[0.881, 0.119]",,,1.0,,150.1,True,"['[*]OC(CC(C)[*])=O', '[*]C(CCCCCO[*])=O']",isotactic,copolymer,random,
[35],333,[*]OC(CC(C)[*])=O.[*]C(CCCCCO[*])=O,co-ran-P3HB-e-CL,statistical,"[0.929, 0.07099999999999995]",,,1.0,,157.8,True,"['[*]OC(CC(C)[*])=O', '[*]C(CCCCCO[*])=O']",isotactic,copolymer,random,
[35],334,[*]OC(CC(C)[*])=O.[*]C(CCCCCO[*])=O,co-ran-P3HB-e-CL,statistical,"[0.96, 0.040000000000000036]",,,1.0,,160.9,True,"['[*]OC(CC(C)[*])=O', '[*]C(CCCCCO[*])=O']",isotactic,copolymer,random,
[35],335,[*]OC(CC(C)[*])=O.[*]C(CCCCCO[*])=O,co-ran-P3HB-e-CL,statistical,"[0.945, 0.05500000000000005]",,,1.0,,160.0,True,"['[*]OC(CC(C)[*])=O', '[*]C(CCCCCO[*])=O']",isotactic,copolymer,random,
[35],336,[*]OC(CC(C)[*])=O.[*]C(CCCCCO[*])=O,co-ran-P3HB-e-CL,statistical,"[0.902, 0.09799999999999998]",,,1.0,,161.0,True,"['[*]OC(CC(C)[*])=O', '[*]C(CCCCCO[*])=O']",isotactic,copolymer,random,
[35],337,[*]OC(CC(C)[*])=O.[*]C(CCCCCO[*])=O,co-ran-P3HB-e-CL,statistical,"[0.937, 0.06299999999999994]",,,1.0,,162.6,True,"['[*]OC(CC(C)[*])=O', '[*]C(CCCCCO[*])=O']",isotactic,copolymer,random,
[36],338,[*]C(CC(COC1=CC=CC=C1)O[*])=O,PBPL-OPh,block,,,,0.24,,,False,['[*]C(CC(COC1=CC=CC=C1)O[*])=O'],stereo-irregular,homopolymer,,
[36],339,[*]C(CC(COC1=CC=CC=C1)O[*])=O,PBPL-OPh,block,,,,0.21,,,False,['[*]C(CC(COC1=CC=CC=C1)O[*])=O'],stereo-irregular,homopolymer,,
[36],340,[*]C(CC(COC1=CC=CC=C1)O[*])=O,PBPL-OPh,block,,,,0.23,,,False,['[*]C(CC(COC1=CC=CC=C1)O[*])=O'],stereo-irregular,homopolymer,,
[36],341,[*]C(CC(COC1=CC=CC=C1)O[*])=O,PBPL-OPh,block,,,,0.25,,,False,['[*]C(CC(COC1=CC=CC=C1)O[*])=O'],stereo-irregular,homopolymer,,
[36],342,[*]C(CC(COC1=CC=CC=C1)O[*])=O,PBPL-OPh,block,,,,0.16,,,False,['[*]C(CC(COC1=CC=CC=C1)O[*])=O'],syndiotactic,homopolymer,,
[36],343,[*]C(CC(COC1=CC=CC=C1)O[*])=O,PBPL-OPh,block,,,,0.14,,,False,['[*]C(CC(COC1=CC=CC=C1)O[*])=O'],syndiotactic,homopolymer,,
[36],344,[*]C(CC(COC1=CC=CC=C1)O[*])=O,PBPL-OPh,block,,,,0.14,,,False,['[*]C(CC(COC1=CC=CC=C1)O[*])=O'],syndiotactic,homopolymer,,
[36],345,[*]C(CC(COC1=CC=CC=C1)O[*])=O,PBPL-OPh,block,,,,0.13,,,False,['[*]C(CC(COC1=CC=CC=C1)O[*])=O'],syndiotactic,homopolymer,,
[36],346,[*]C(CC(COC1=CC=CC=C1)O[*])=O,PBPL-OPh,block,,,,0.14,,,False,['[*]C(CC(COC1=CC=CC=C1)O[*])=O'],syndiotactic,homopolymer,,
[36],347,[*]C(CC(COC1=CC=CC=C1)O[*])=O,PBPL-OPh,block,,,,0.19,,,False,['[*]C(CC(COC1=CC=CC=C1)O[*])=O'],syndiotactic,homopolymer,,
[36],348,[*]C(CC(COC1=CC=CC=C1)O[*])=O,PBPL-OPh,block,,,,0.16,,,False,['[*]C(CC(COC1=CC=CC=C1)O[*])=O'],syndiotactic,homopolymer,,
[36],349,[*]C(CC(COC1=CC=CC=C1)O[*])=O,PBPL-OPh,block,,,,0.17,,,False,['[*]C(CC(COC1=CC=CC=C1)O[*])=O'],syndiotactic,homopolymer,,
[36],350,[*]C(CC(COC1=CC=CC=C1)O[*])=O,PBPL-Pph (S),block,,,,0.96,,,False,['[*]C(CC(COC1=CC=CC=C1)O[*])=O'],isotactic,homopolymer,,
[36],351,[*]C(CC(CSC1=CC=CC=C1)O[*])=O,PBPL-SPh,block,,,,0.26,,,False,['[*]C(CC(CSC1=CC=CC=C1)O[*])=O'],stereo-irregular,homopolymer,,
[36],352,[*]C(CC(CSC1=CC=CC=C1)O[*])=O,PBPL-SPh,block,,,,0.24,,,False,['[*]C(CC(CSC1=CC=CC=C1)O[*])=O'],stereo-irregular,homopolymer,,
[36],353,[*]C(CC(CSC1=CC=CC=C1)O[*])=O,PBPL-SPh,block,,,,0.27,,,False,['[*]C(CC(CSC1=CC=CC=C1)O[*])=O'],stereo-irregular,homopolymer,,
[36],354,[*]C(CC(CSC1=CC=CC=C1)O[*])=O,PBPL-SPh,block,,,,0.26,,,False,['[*]C(CC(CSC1=CC=CC=C1)O[*])=O'],stereo-irregular,homopolymer,,
[36],355,[*]C(CC(CSC1=CC=CC=C1)O[*])=O,PBPL-SPh,block,,,,0.17,,,False,['[*]C(CC(CSC1=CC=CC=C1)O[*])=O'],syndiotactic,homopolymer,,
[36],356,[*]C(CC(CSC1=CC=CC=C1)O[*])=O,PBPL-SPh,block,,,,0.13,,,False,['[*]C(CC(CSC1=CC=CC=C1)O[*])=O'],syndiotactic,homopolymer,,
[36],357,[*]C(CC(CSC1=CC=CC=C1)O[*])=O,PBPL-SPh,block,,,,0.14,,,False,['[*]C(CC(CSC1=CC=CC=C1)O[*])=O'],syndiotactic,homopolymer,,
[36],358,[*]C(CC(CSC1=CC=CC=C1)O[*])=O,PBPL-SPh,block,,,,0.13,,,False,['[*]C(CC(CSC1=CC=CC=C1)O[*])=O'],syndiotactic,homopolymer,,
[36],359,[*]C(CC(CSC1=CC=CC=C1)O[*])=O,PBPL-SPh,block,,,,0.14,,,False,['[*]C(CC(CSC1=CC=CC=C1)O[*])=O'],syndiotactic,homopolymer,,
[36],360,[*]C(CC(CSC1=CC=CC=C1)O[*])=O,PBPL-SPh,block,,,,0.15,,,False,['[*]C(CC(CSC1=CC=CC=C1)O[*])=O'],syndiotactic,homopolymer,,
[36],361,[*]C(CC(CSC1=CC=CC=C1)O[*])=O,PBPL-SPh,block,,,,0.15,,,False,['[*]C(CC(CSC1=CC=CC=C1)O[*])=O'],syndiotactic,homopolymer,,
[36],362,[*]C(CC(CSC1=CC=CC=C1)O[*])=O,PBPL-SPh,block,,,,0.16,,,False,['[*]C(CC(CSC1=CC=CC=C1)O[*])=O'],syndiotactic,homopolymer,,
[36],363,[*]C(CC(CSC1=CC=CC=C1)O[*])=O,PBPL-SPh (S),block,,,,0.96,,,False,['[*]C(CC(CSC1=CC=CC=C1)O[*])=O'],isotactic,homopolymer,,
[36],364,[*]C(CC(CCOC1=CC=CC=C1)O[*])=O,PBPL-COCPh,block,,,,0.51,,,False,['[*]C(CC(CCOC1=CC=CC=C1)O[*])=O'],atactic,homopolymer,,
[36],365,[*]C(CC(CCOC1=CC=CC=C1)O[*])=O,PBPL-COCPh,block,,,,0.51,,,False,['[*]C(CC(CCOC1=CC=CC=C1)O[*])=O'],atactic,homopolymer,,
[36],366,[*]C(CC(CCOC1=CC=CC=C1)O[*])=O,PBPL-COCPh,block,,,,0.48,,,False,['[*]C(CC(CCOC1=CC=CC=C1)O[*])=O'],atactic,homopolymer,,
[36],367,[*]C(CC(CCOC1=CC=CC=C1)O[*])=O,PBPL-COCPh,block,,,,0.51,,,False,['[*]C(CC(CCOC1=CC=CC=C1)O[*])=O'],atactic,homopolymer,,
[36],368,[*]C(CC(CCOC1=CC=CC=C1)O[*])=O,PBPL-COCPh,block,,,,0.15,,,False,['[*]C(CC(CCOC1=CC=CC=C1)O[*])=O'],syndiotactic,homopolymer,,
[36],369,[*]C(CC(CCOC1=CC=CC=C1)O[*])=O,PBPL-COCPh,block,,,,0.2,,,False,['[*]C(CC(CCOC1=CC=CC=C1)O[*])=O'],stereo-irregular,homopolymer,,
[36],370,[*]C(CC(CCOC1=CC=CC=C1)O[*])=O,PBPL-COCPh,block,,,,0.23,,,False,['[*]C(CC(CCOC1=CC=CC=C1)O[*])=O'],stereo-irregular,homopolymer,,
[36],371,[*]C(CC(CCOC1=CC=CC=C1)O[*])=O,PBPL-COCPh,block,,,,0.23,,,False,['[*]C(CC(CCOC1=CC=CC=C1)O[*])=O'],stereo-irregular,homopolymer,,
[36],372,[*]C(CC(CCOC1=CC=CC=C1)O[*])=O,PBPL-COCPh,block,,,,0.14,,,False,['[*]C(CC(CCOC1=CC=CC=C1)O[*])=O'],syndiotactic,homopolymer,,
[36],373,[*]C(CC(CCOC1=CC=CC=C1)O[*])=O,PBPL-COCPh,block,,,,0.19,,,False,['[*]C(CC(CCOC1=CC=CC=C1)O[*])=O'],syndiotactic,homopolymer,,
[36],374,[*]C(CC(CCOC1=CC=CC=C1)O[*])=O,PBPL-COCPh,block,,,,0.15,,,False,['[*]C(CC(CCOC1=CC=CC=C1)O[*])=O'],syndiotactic,homopolymer,,
[36],375,[*]C(CC(CCOC1=CC=CC=C1)O[*])=O,PBPL-COCPh,block,,,,0.18,,,False,['[*]C(CC(CCOC1=CC=CC=C1)O[*])=O'],syndiotactic,homopolymer,,
[36],376,[*]C(CC(CCOC1=CC=CC=C1)O[*])=O,PBPL-COCPh R,block,,,,0.96,,,False,['[*]C(CC(CCOC1=CC=CC=C1)O[*])=O'],isotactic,homopolymer,,
[37],377,[*]C(CC(CC1=CC=CC=C1)O[*])=O,P3HB-Bn,block,,,,0.36,,,False,['[*]C(CC(CC1=CC=CC=C1)O[*])=O'],stereo-irregular,homopolymer,,
[37],378,[*]C(CC(CC1=CC=CC=C1)O[*])=O,P3HB-Bn,block,,,,0.23,,,False,['[*]C(CC(CC1=CC=CC=C1)O[*])=O'],stereo-irregular,homopolymer,,
[37],379,[*]C(CC(CC1=CC=CC=C1)O[*])=O,P3HB-Bn,block,,,,0.23,,,False,['[*]C(CC(CC1=CC=CC=C1)O[*])=O'],stereo-irregular,homopolymer,,
[37],380,[*]C(CC(CC1=CC=CC=C1)O[*])=O,P3HB-Bn,block,,,,0.23,,,False,['[*]C(CC(CC1=CC=CC=C1)O[*])=O'],stereo-irregular,homopolymer,,
[37],381,[*]C(CC(CC1=CC=CC=C1)O[*])=O,P3HB-Bn,block,,,,0.21,,,False,['[*]C(CC(CC1=CC=CC=C1)O[*])=O'],stereo-irregular,homopolymer,,
[37],382,[*]C(CC(CC1=CC=CC=C1)O[*])=O,P3HB-Bn,block,,,,0.44,,,False,['[*]C(CC(CC1=CC=CC=C1)O[*])=O'],atactic,homopolymer,,
[37],383,[*]C(CC(CC1=CC=CC=C1)O[*])=O,P3HB-Bn,block,,,,0.17,,,False,['[*]C(CC(CC1=CC=CC=C1)O[*])=O'],syndiotactic,homopolymer,,
[37],384,[*]C(CC(CC1=CC=CC=C1)O[*])=O,P3HB-Bn,block,,,,0.08,,,False,['[*]C(CC(CC1=CC=CC=C1)O[*])=O'],syndiotactic,homopolymer,,
[37],385,[*]C(CC(CC1=CC=CC=C1)O[*])=O,P3HB-Bn,block,,,,0.08,,,False,['[*]C(CC(CC1=CC=CC=C1)O[*])=O'],syndiotactic,homopolymer,,
[37],386,[*]C(CC(CC1=CC=CC=C1)O[*])=O,P3HB-Bn,block,,,,0.08,,,False,['[*]C(CC(CC1=CC=CC=C1)O[*])=O'],syndiotactic,homopolymer,,
[37],387,[*]C(CC(CC1=CC=CC=C1)O[*])=O,P3HB-Bn,block,,,,0.08,,,False,['[*]C(CC(CC1=CC=CC=C1)O[*])=O'],syndiotactic,homopolymer,,
[37],388,[*]C(CC(CC1=CC=CC=C1)O[*])=O,P3HB-Bn,block,,,,0.17,,,False,['[*]C(CC(CC1=CC=CC=C1)O[*])=O'],syndiotactic,homopolymer,,
[37],389,[*]C(CC(CC1=CC=CC=C1)O[*])=O,P3HB-Bn,block,,,,0.11,,,False,['[*]C(CC(CC1=CC=CC=C1)O[*])=O'],syndiotactic,homopolymer,,
[37],390,[*]C(CC(O[*])C)=O.[*]C(CC(O[*])CC1=CC=CC=C1)=O,co-ran-P3HB-Bn-Me,statistical,"[0.48, 0.52]",,['ran'],,,,False,"['[*]C(CC(O[*])C)=O', '[*]C(CC(O[*])CC1=CC=CC=C1)=O']",atactic,copolymer,random,
[37],391,[*]C(CC(O[*])C)=O.[*]C(CC(O[*])CC1=CC=CC=C1)=O,co-ran-P3HB-Bn-Me,statistical,"[0.8, 0.2]",,['ran'],,,,False,"['[*]C(CC(O[*])C)=O', '[*]C(CC(O[*])CC1=CC=CC=C1)=O']",atactic,copolymer,random,
[37],392,[*]C(CC(O[*])C)=O.[*]C(CC(O[*])CC1=CC=CC=C1)=O,co-block-P3HB-Bn-Me (sequential),block,"[0.5, 0.5]",,['ran'],,,159.0,True,"['[*]C(CC(O[*])C)=O', '[*]C(CC(O[*])CC1=CC=CC=C1)=O']",atactic,copolymer,block,
[37],393,[*]C(CC(CC1=CC=CC=C1)O[*])=O,"co-block-P3HB-Bn-Me (stereo-tapered, one pot)",block,"[0.5, 0.5]",,['ran'],,,160.0,True,['[*]C(CC(CC1=CC=CC=C1)O[*])=O'],atactic,homopolymer,,
[37],394,[*]C(CC(CC1=CC=CC=C1)O[*])=O,co-ran-P3HB-Bn-nBu,statistical,"[0.156, 0.844]",,['ran'],,,,False,['[*]C(CC(CC1=CC=CC=C1)O[*])=O'],atactic,copolymer,random,
[37],395,[*]C(CC(CC1=CC=CC=C1)O[*])=O,co-ran-P3HB-Bn-nBu,statistical,"[0.081, 0.919]",,['ran'],,,,False,['[*]C(CC(CC1=CC=CC=C1)O[*])=O'],atactic,copolymer,random,
[37],396,[*]C(CC(CC1=CC=CC=C1)O[*])=O,P3HB-Bn,block,,,,0.99,,126.0,True,['[*]C(CC(CC1=CC=CC=C1)O[*])=O'],isotactic,homopolymer,,
[38],397,[*]C(C(CCCC1)C1CO[*])=O,PCBL,block,,,,0.5,,,False,['[*]C(C(CCCC1)C1CO[*])=O'],atactic,homopolymer,,
[38],398,[*]C(C(CCCC1)C1CO[*])=O,PCBL,block,,,,0.39,,,False,['[*]C(C(CCCC1)C1CO[*])=O'],stereo-irregular,homopolymer,,
[38],399,[*]C(C(CCCC1)C1CO[*])=O,PCBL,block,,,,0.35,,,False,['[*]C(C(CCCC1)C1CO[*])=O'],stereo-irregular,homopolymer,,
[38],400,[*]C(C(CCCC1)C1CO[*])=O,PCBL,block,,,,0.32,,,False,['[*]C(C(CCCC1)C1CO[*])=O'],stereo-irregular,homopolymer,,
[38],401,[*]C(C(CCCC1)C1CO[*])=O,PCBL,block,,,,0.3,,,False,['[*]C(C(CCCC1)C1CO[*])=O'],stereo-irregular,homopolymer,,
[38],402,[*]C(C(CCCC1)C1CO[*])=O,PCBL,block,,,,0.25,,,False,['[*]C(C(CCCC1)C1CO[*])=O'],stereo-irregular,homopolymer,,
[38],403,[*]C(C(CCCC1)C1CO[*])=O,PCBL,block,,,,0.55,,,False,['[*]C(C(CCCC1)C1CO[*])=O'],atactic,homopolymer,,
[38],404,[*]C(C(CCCC1)C1CO[*])=O,PCBL,block,,,,0.6,,,False,['[*]C(C(CCCC1)C1CO[*])=O'],atactic,homopolymer,,
[38],405,[*]C(C(CCCC1)C1CO[*])=O,PCBL,block,,,,0.5,,,False,['[*]C(C(CCCC1)C1CO[*])=O'],atactic,homopolymer,,
[38],406,[*]C(C(CCCC1)C1CO[*])=O,PCBL,block,,,,0.5,,,False,['[*]C(C(CCCC1)C1CO[*])=O'],atactic,homopolymer,,
[38],407,[*]C(C(CCCC1)C1CO[*])=O,PCBL,block,,,,0.5,,,False,['[*]C(C(CCCC1)C1CO[*])=O'],atactic,homopolymer,,
[38],408,[*]C(C(CCCC1)C1CO[*])=O,PCBL,block,,,,0.52,,,False,['[*]C(C(CCCC1)C1CO[*])=O'],atactic,homopolymer,,
[38],409,[*]C(C(CCCC1)C1CO[*])=O,PCBL,block,,,,0.62,,,False,['[*]C(C(CCCC1)C1CO[*])=O'],stereo-irregular,homopolymer,,
[38],410,[*]C(C(CCCC1)C1CO[*])=O,PCBL,block,,,,0.62,,,False,['[*]C(C(CCCC1)C1CO[*])=O'],stereo-irregular,homopolymer,,
[38],411,[*]C(C(CCCC1)C1CO[*])=O,PCBL,block,,,,0.82,,142.0,True,['[*]C(C(CCCC1)C1CO[*])=O'],isotactic,homopolymer,,
[38],412,[*]C(C(CCCC1)C1CO[*])=O,PCBL,block,,,,0.88,,164.0,True,['[*]C(C(CCCC1)C1CO[*])=O'],isotactic,homopolymer,,
[38],413,[*]C(C(CCCC1)C1CO[*])=O,PCBL,block,,,,0.62,,,False,['[*]C(C(CCCC1)C1CO[*])=O'],stereo-irregular,homopolymer,,
[38],414,[*]C(C(CCCC1)C1CO[*])=O,PCBL,block,,,,0.65,,,False,['[*]C(C(CCCC1)C1CO[*])=O'],stereo-irregular,homopolymer,,
[38],415,[*]C(C(CCCC1)C1CO[*])=O,PCBL,block,,,,0.84,,156.0,True,['[*]C(C(CCCC1)C1CO[*])=O'],isotactic,homopolymer,,
[38],416,[*]C(C(CCCC1)C1CO[*])=O,PCBL,block,,,,0.91,,170.0,True,['[*]C(C(CCCC1)C1CO[*])=O'],isotactic,homopolymer,,
[38],417,[*]C(C(CCCC1)C1CO[*])=O,PCBL,block,,,,0.92,,171.0,True,['[*]C(C(CCCC1)C1CO[*])=O'],isotactic,homopolymer,,
[38],418,[*]C(C(CCCC1)C1CO[*])=O,PCBL,block,,,,0.77,,117.0,True,['[*]C(C(CCCC1)C1CO[*])=O'],stereo-irregular,homopolymer,,
[38],419,[*]C(C(CCCC1)C1CO[*])=O,PCBL,block,,,,0.89,,165.0,True,['[*]C(C(CCCC1)C1CO[*])=O'],isotactic,homopolymer,,
[38],420,[*]C(C(CCCC1)C1CO[*])=O,PCBL,block,,,,0.89,,161.0,True,['[*]C(C(CCCC1)C1CO[*])=O'],isotactic,homopolymer,,
[38],421,[*]C(C(CCCC1)C1CO[*])=O,PCBL,block,,,,0.95,,157.0,True,['[*]C(C(CCCC1)C1CO[*])=O'],isotactic,homopolymer,,
[38],422,[*]C(C(CCCC1)C1CO[*])=O,PCBL,block,,,,0.45,,,False,['[*]C(C(CCCC1)C1CO[*])=O'],atactic,homopolymer,,
[39],423,[*]C(C(C1=CC=CC=C1)O[*])=O,it-PmanOCA,block,,,,0.92,,116.0,True,['[*]C(C(C1=CC=CC=C1)O[*])=O'],isotactic,homopolymer,,
[39],424,[*]C(C(C1=CC=CC=C1)O[*])=O,PmanOCA,block,,,,0.6,,,False,['[*]C(C(C1=CC=CC=C1)O[*])=O'],atactic,homopolymer,,
[40],425,[*]C(C1=C(C(O[*])=O)C=CC=C1)=O.[*]C2COCC2O[*],co-alt-epo-an,alternating,,,,,0.99,235.0,True,"['[*]C(C1=C(C(O[*])=O)C=CC=C1)=O', '[*]C2COCC2O[*]']",isotactic,copolymer,alternating,
[40],426,[*]C(C1=C(C(O[*])=O)C=CC=C1)=O.[*]C2CCCCC2O[*],co-alt-epo-an,alternating,,,,,0.98,,False,"['[*]C(C1=C(C(O[*])=O)C=CC=C1)=O', '[*]C2CCCCC2O[*]']",isotactic,copolymer,alternating,
[40],427,[*]C(C1=C(C(O[*])=O)C=CC=C1)=O.[*]C2CCCC2O[*],co-alt-epo-an,alternating,,,,,0.83,239.0,True,"['[*]C(C1=C(C(O[*])=O)C=CC=C1)=O', '[*]C2CCCC2O[*]']",isotactic,copolymer,alternating,
[40],428,[*]C(C1=C(C(O[*])=O)C=CC=C1)=O.CC([*])C(O[*])C,co-alt-epo-an,alternating,,,,,0.98,134.0,True,"['[*]C(C1=C(C(O[*])=O)C=CC=C1)=O', 'CC([*])C(O[*])C']",isotactic,copolymer,alternating,
[40],429,[*]C(C1=C(C(O[*])=O)C=CC=C1)=O.[*]C2CC=CCC2O[*],co-alt-epo-an,alternating,,,,,0.98,,False,"['[*]C(C1=C(C(O[*])=O)C=CC=C1)=O', '[*]C2CC=CCC2O[*]']",isotactic,copolymer,alternating,
[40],430,[*]C(C1=C(C(O[*])=O)C=CC=C1)=O.[*]C2CC3=C(CC2O[*])C=CC=C3,co-alt-epo-an,alternating,,,,,0.98,185.0,True,"['[*]C(C1=C(C(O[*])=O)C=CC=C1)=O', '[*]C2CC3=C(CC2O[*])C=CC=C3']",isotactic,copolymer,alternating,
[40],431,[*]C(C1=C(C(O[*])=O)C=C(C(C)=C1)C)=O.[*]C2COCC2O[*],co-alt-epo-an,alternating,,,,,0.9,205.0,True,"['[*]C(C1=C(C(O[*])=O)C=C(C(C)=C1)C)=O', '[*]C2COCC2O[*]']",isotactic,copolymer,alternating,
[40],432,[*]C(C1=C(C(O[*])=O)C(C)=CC=C1C)=O.[*]C2COCC2O[*],co-alt-epo-an,alternating,,,,,0.87,160.0,True,"['[*]C(C1=C(C(O[*])=O)C(C)=CC=C1C)=O', '[*]C2COCC2O[*]']",isotactic,copolymer,alternating,
[40],433,[*]C(C1=C(C(O[*])=O)C=C(C(C)=C1)C)=O.[*]C2CC3=C(CC2O[*])C=CC=C3,co-alt-epo-an,alternating,,,,,0.96,183.0,True,"['[*]C(C1=C(C(O[*])=O)C=C(C(C)=C1)C)=O', '[*]C2CC3=C(CC2O[*])C=CC=C3']",isotactic,copolymer,alternating,
[40],434,[*]C(C1=C(C(O[*])=O)C=C2C=CC=CC2=C1)=O.[*]C3CC4=C(CC3O[*])C=CC=C4,co-alt-epo-an,alternating,,,,,0.95,,False,"['[*]C(C1=C(C(O[*])=O)C=C2C=CC=CC2=C1)=O', '[*]C3CC4=C(CC3O[*])C=CC=C4']",isotactic,copolymer,alternating,
[40],435,[*]C(CCC(O[*])=O)=O.[*]C1COCC1O[*],co-alt-epo-an,alternating,,,,,0.93,121.0,True,"['[*]C(CCC(O[*])=O)=O', '[*]C1COCC1O[*]']",isotactic,copolymer,alternating,
[41],436,[*]C(C(CC1=CC=CC=C1)O[*])=O,stereoblock-benzyl-OCA,block,"[0.5, 0.5]",,,0.97,,172.0,True,['[*]C(C(CC1=CC=CC=C1)O[*])=O'],isotactic,homopolymer,,
[41],437,[*]C(C(CC1=CC=CC=C1)O[*])=O,iso-benzyl-OCA,block,"[1.0, 0.0]",,[1],,,,False,['[*]C(C(CC1=CC=CC=C1)O[*])=O'],isotactic,homopolymer,,
[41],438,[*]C(C(CC1=CC=CC=C1)O[*])=O,rac-benzyl-OCA,block,"[0.5, 0.5]",,,0.66,,,False,['[*]C(C(CC1=CC=CC=C1)O[*])=O'],stereo-irregular,homopolymer,,
[41],439,[*]C(C(C)O[*])=O,sb-methyl-OCA,block,"[0.5, 0.5]",,,0.92,,162.0,True,['[*]C(C(C)O[*])=O'],isotactic,homopolymer,,
[41],440,[*]C(C(C)O[*])=O,iso-methyl-OCA,block,"[1.0, 0.0]",,[1],,,169.0,True,['[*]C(C(C)O[*])=O'],isotactic,homopolymer,,
[41],441,[*]C(C(C)O[*])=O,rac-methyl-OCA,block,,,['ran'],,,,False,['[*]C(C(C)O[*])=O'],atactic,homopolymer,,
[42],442,[*]C(OC(C)=O)C[*],PVA,block,,,,0.28,,269.0,True,['[*]C(OC(C)=O)C[*]'],stereo-irregular,homopolymer,,
[42],443,[*]C(OC(C)=O)C[*],PVA,block,,,,0.29,,261.0,True,['[*]C(OC(C)=O)C[*]'],stereo-irregular,homopolymer,,
[42],444,[*]C(OC(C)=O)C[*],PVA,block,,,,0.33,,256.0,True,['[*]C(OC(C)=O)C[*]'],stereo-irregular,homopolymer,,
[42],445,[*]C(OC(C)=O)C[*],PVA,block,,,,0.38,,249.0,True,['[*]C(OC(C)=O)C[*]'],stereo-irregular,homopolymer,,
[42],446,[*]C(OC(C)=O)C[*],PVA,block,,,,0.41,,241.0,True,['[*]C(OC(C)=O)C[*]'],atactic,homopolymer,,
[42],447,[*]C(OC(C)=O)C[*],PVA,block,,,,0.44,,239.0,True,['[*]C(OC(C)=O)C[*]'],atactic,homopolymer,,
[42],448,[*]C(OC(C)=O)C[*],PVA,block,,,,0.47,,233.0,True,['[*]C(OC(C)=O)C[*]'],atactic,homopolymer,,
[42],449,[*]C(OC(C)=O)C[*],PVA,block,,,,0.51,,225.0,True,['[*]C(OC(C)=O)C[*]'],atactic,homopolymer,,
[42],450,[*]C(OC(C(C)(C)C)=O)C[*],PVPi,block,,,,0.31,,258.0,True,['[*]C(OC(C(C)(C)C)=O)C[*]'],stereo-irregular,homopolymer,,
[42],451,[*]C(OC(C(C)(C)C)=O)C[*],PVPi,block,,,,0.37,,250.0,True,['[*]C(OC(C(C)(C)C)=O)C[*]'],stereo-irregular,homopolymer,,
[42],452,[*]C(OC(C(C)(C)C)=O)C[*],PVPi,block,,,,0.47,,227.0,True,['[*]C(OC(C(C)(C)C)=O)C[*]'],atactic,homopolymer,,
[42],453,[*]C(OC(C(C)(C)C)=O)C[*],PVPi,block,,,,0.5,,225.0,True,['[*]C(OC(C(C)(C)C)=O)C[*]'],atactic,homopolymer,,
[42],454,[*]C(OC(C(C)(C)C)=O)C[*],PVPi,block,,,,0.52,,223.0,True,['[*]C(OC(C(C)(C)C)=O)C[*]'],atactic,homopolymer,,
[43],455,[*]CC([*])C1=CC=CC=C1,syndio-PS,block,,,,0.0,,270.0,True,['[*]CC([*])C1=CC=CC=C1'],syndiotactic,homopolymer,,
[43],456,[*]CC([*])C1=CC=CC=C1,iso-PS,block,,,,1.0,,230.0,True,['[*]CC([*])C1=CC=CC=C1'],isotactic,homopolymer,,
[44],457,[*]OCCOCC([*])=O.[*]C(CC(C)CCO[*])=O.[*]OCCOCC([*])=O,,block,"[0.17, 0.66, 0.17]",,['ran'],,,90.4,True,"['[*]OCCOCC([*])=O', '[*]C(CC(C)CCO[*])=O', '[*]OCCOCC([*])=O']",atactic,copolymer,block,
[44],458,[*]OCCOCC([*])=O.[*]C(CC(C)CCO[*])=O.[*]OCCOCC([*])=O,,block,"[0.22, 0.56, 0.22]",,['ran'],,,95.2,True,"['[*]OCCOCC([*])=O', '[*]C(CC(C)CCO[*])=O', '[*]OCCOCC([*])=O']",atactic,copolymer,block,
[44],459,[*]OCCOCC([*])=O.[*]C(CC(C)CCO[*])=O.[*]OCCOCC([*])=O,,block,"[0.11, 0.78, 0.11]",,['ran'],,,,False,"['[*]OCCOCC([*])=O', '[*]C(CC(C)CCO[*])=O', '[*]OCCOCC([*])=O']",atactic,copolymer,block,
[44],460,[*]OCCOCC([*])=O.[*]C(CC(C)CCO[*])=O.[*]OCCOCC([*])=O,,block,"[0.17, 0.66, 0.17]",,['ran'],,,80.4,True,"['[*]OCCOCC([*])=O', '[*]C(CC(C)CCO[*])=O', '[*]OCCOCC([*])=O']",atactic,copolymer,block,
[45],461,[*]C(CC)C[*],,block,,,,1.0,,110.7,True,['[*]C(CC)C[*]'],isotactic,homopolymer,,
[45],462,[*]C(CCC)C[*],,block,,,,1.0,,68.0,True,['[*]C(CCC)C[*]'],isotactic,homopolymer,,
[45],463,[*]C(CCCC)C[*],,block,,,,1.0,,,False,['[*]C(CCCC)C[*]'],isotactic,homopolymer,,
[45],464,[*]C(CCCCCC)C[*],,block,,,,1.0,,,False,['[*]C(CCCCCC)C[*]'],isotactic,homopolymer,,
[46],465,[*]C(C)(C)C=[*],,block,,,[0],,,121.0,True,['[*]C(C)(C)C=[*]'],achiral,homopolymer,,
[46],466,[*]C(C)(C)CC[*],,block,,,[0],,,108.0,True,['[*]C(C)(C)CC[*]'],achiral,homopolymer,,
[46],467,[*]C(C)(C1=CC=CC=C1)C=[*],,block,,,[0],,,192.0,True,['[*]C(C)(C1=CC=CC=C1)C=[*]'],achiral,homopolymer,,
[46],468,[*]C(C)(C1=CC=CC=C1)CC[*],,block,,,,0.5,,,False,['[*]C(C)(C1=CC=CC=C1)CC[*]'],atactic,homopolymer,,
[47],469,[*]CC[*],,block,,,[0],,,130.0,True,['[*]CC[*]'],achiral,homopolymer,,
[47],470,[*]C(CCCCC(NCCCCCCN[*])=O)=O,,block,,,[0],,,250.0,True,['[*]C(CCCCC(NCCCCCCN[*])=O)=O'],achiral,homopolymer,,
[47],471,[*]OC(C1=CC=C(C(OCC[*])=O)C=C1)=O,,block,,,[0],,,240.0,True,['[*]OC(C1=CC=C(C(OCC[*])=O)C=C1)=O'],achiral,homopolymer,,
[47],472,CC1=CC([*])=CC(C)=C1O[*],,block,,,[0],,,300.0,True,['CC1=CC([*])=CC(C)=C1O[*]'],achiral,homopolymer,,
[48],473,[*]C1=CC=C(C(C2=CC=C(OC3=CC=C(O[*])C=C3)C=C2)=O)C=C1,,block,,,[0],,,334.0,True,['[*]C1=CC=C(C(C2=CC=C(OC3=CC=C(O[*])C=C3)C=C2)=O)C=C1'],achiral,homopolymer,,
[49],474,[*]OCCCCCC([*])=O,,block,,,[0],,,60.0,True,['[*]OCCCCCC([*])=O'],achiral,homopolymer,,
[50],475,[*]OC(C)CC([*])=O,,block,,,,1.0,,170.0,True,['[*]OC(C)CC([*])=O'],isotactic,homopolymer,,
[50],476,[*]OC(C)CC([*])=O,,block,,,,1.0,,175.0,True,['[*]OC(C)CC([*])=O'],isotactic,homopolymer,,
[50],477,[*]OC(C)CC([*])=O,,block,,,,1.0,,178.0,True,['[*]OC(C)CC([*])=O'],isotactic,homopolymer,,
[50],478,[*]OC(C)CC([*])=O,,block,,,,1.0,,164.4,True,['[*]OC(C)CC([*])=O'],isotactic,homopolymer,,
[50],479,[*]OC(C)CC([*])=O,,block,,,,1.0,,165.4,True,['[*]OC(C)CC([*])=O'],isotactic,homopolymer,,
[50],480,[*]OC(C)CC([*])=O,,block,,,,1.0,,171.0,True,['[*]OC(C)CC([*])=O'],isotactic,homopolymer,,
[50],481,[*]OC(C)CC([*])=O,,block,,,,1.0,,176.0,True,['[*]OC(C)CC([*])=O'],isotactic,homopolymer,,
[50],482,[*]OC(C)CC([*])=O,,block,,,,1.0,,176.6,True,['[*]OC(C)CC([*])=O'],isotactic,homopolymer,,
[50],483,[*]OC(C)CC([*])=O,,block,,,,1.0,,176.7,True,['[*]OC(C)CC([*])=O'],isotactic,homopolymer,,
[50],484,[*]OC(C)CC([*])=O,,block,,,,1.0,,177.3,True,['[*]OC(C)CC([*])=O'],isotactic,homopolymer,,
[50],485,[*]OC(C)CC([*])=O,,block,,,,1.0,,175.0,True,['[*]OC(C)CC([*])=O'],isotactic,homopolymer,,
[50],486,[*]OC(C)CC([*])=O,,block,,,,1.0,,169.0,True,['[*]OC(C)CC([*])=O'],isotactic,homopolymer,,
[50],487,[*]OC(C)CC([*])=O,,block,,,,1.0,,171.0,True,['[*]OC(C)CC([*])=O'],isotactic,homopolymer,,
[50],488,[*]OC(C)CC([*])=O,,block,,,,1.0,,177.0,True,['[*]OC(C)CC([*])=O'],isotactic,homopolymer,,
[50],489,[*]OC(C)CC([*])=O,,block,,,,1.0,,177.0,True,['[*]OC(C)CC([*])=O'],isotactic,homopolymer,,
[50],490,[*]OC(C)CC([*])=O,,block,,,,1.0,,178.0,True,['[*]OC(C)CC([*])=O'],isotactic,homopolymer,,
[50],491,[*]OC(C)CC([*])=O,,block,,,,1.0,,179.0,True,['[*]OC(C)CC([*])=O'],isotactic,homopolymer,,
[50],492,[*]C(CCO[*])=O,,block,,,,1.0,,78.1,True,['[*]C(CCO[*])=O'],isotactic,homopolymer,,
[50],493,[*]C(CCO[*])=O,,block,,,,1.0,,77.0,True,['[*]C(CCO[*])=O'],isotactic,homopolymer,,
[50],494,[*]C(CC(CC)O[*])=O,,block,,,,1.0,,103.0,True,['[*]C(CC(CC)O[*])=O'],isotactic,homopolymer,,
[50],495,[*]C(CC(CC)O[*])=O,,block,,,,1.0,,112.3,True,['[*]C(CC(CC)O[*])=O'],isotactic,homopolymer,,
[50],496,[*]C(CC(CCc1ccccc1)O[*])=O,,block,,,,1.0,,66.0,True,['[*]C(CC(CCc1ccccc1)O[*])=O'],isotactic,homopolymer,,
[50],497,[*]C(CCCO[*])=O,,block,,,,1.0,,50.1,True,['[*]C(CCCO[*])=O'],isotactic,homopolymer,,
[50],498,[*]C(CCCO[*])=O,,block,,,,1.0,,61.0,True,['[*]C(CCCO[*])=O'],isotactic,homopolymer,,
[50],499,[*]C(CC(CCOc1ccc(F)cc1F)O[*])=O,,block,,,,1.0,,102.0,True,['[*]C(CC(CCOc1ccc(F)cc1F)O[*])=O'],isotactic,homopolymer,,
[50],500,[*]C(CC(CCOc1ccccc1)O[*])=O,,block,,,,1.0,,88.0,True,['[*]C(CC(CCOc1ccccc1)O[*])=O'],isotactic,homopolymer,,
[50],501,[*]C(CC(CCc1ccccc1)O[*])=O,,block,,,,1.0,,50.4,True,['[*]C(CC(CCc1ccccc1)O[*])=O'],isotactic,homopolymer,,
[50],502,[*]C(CC(CCCCCCCCC)O[*])=O,,block,,,,1.0,,82.4,True,['[*]C(CC(CCCCCCCCC)O[*])=O'],isotactic,homopolymer,,
[50],503,[*]OC(C)CC([*])=O,,block,,,,1.0,,178.0,True,['[*]OC(C)CC([*])=O'],isotactic,homopolymer,,
[50],504,[*]C(CC(CCCCCCC)O[*])=O,,block,,,,1.0,,72.2,True,['[*]C(CC(CCCCCCC)O[*])=O'],isotactic,homopolymer,,
[50],505,[*]OC(C)CC([*])=O.[*]C(C(CC)O[*])=O,,statistical,"[0.91, 0.09]",,,1.0,,158.8,True,"['[*]OC(C)CC([*])=O', '[*]C(C(CC)O[*])=O']",isotactic,copolymer,random,
[50],506,[*]OC(C)CC([*])=O.[*]C(C(C)O[*])=O,,statistical,"[0.98, 0.02]",,,1.0,,166.1,True,"['[*]OC(C)CC([*])=O', '[*]C(C(C)O[*])=O']",isotactic,copolymer,random,
[50],507,[*]OC(C)CC([*])=O.[*]C(C(C)O[*])=O,,statistical,"[0.96, 0.04]",,,1.0,,166.3,True,"['[*]OC(C)CC([*])=O', '[*]C(C(C)O[*])=O']",isotactic,copolymer,random,
[50],508,[*]OC(C)CC([*])=O.[*]C(C(C)O[*])=O,,statistical,"[0.964, 0.03600000000000003]",,,1.0,,166.6,True,"['[*]OC(C)CC([*])=O', '[*]C(C(C)O[*])=O']",isotactic,copolymer,random,
[50],509,[*]OC(C)CC([*])=O.[*]C(C(C)O[*])=O,,statistical,"[0.979, 0.02100000000000002]",,,1.0,,167.7,True,"['[*]OC(C)CC([*])=O', '[*]C(C(C)O[*])=O']",isotactic,copolymer,random,
[50],510,[*]OC(C)CC([*])=O.[*]C(CC(C(C)C)O[*])=O,,statistical,"[0.604, 0.396]",,,1.0,,113.0,True,"['[*]OC(C)CC([*])=O', '[*]C(CC(C(C)C)O[*])=O']",isotactic,copolymer,random,
[50],511,[*]OC(C)CC([*])=O.[*]C(CC(C(C)C)O[*])=O,,statistical,"[0.677, 0.32299999999999995]",,,1.0,,118.0,True,"['[*]OC(C)CC([*])=O', '[*]C(CC(C(C)C)O[*])=O']",isotactic,copolymer,random,
[50],512,[*]OC(C)CC([*])=O.[*]C(CC(C(C)C)O[*])=O,,statistical,"[0.738, 0.262]",,,1.0,,126.0,True,"['[*]OC(C)CC([*])=O', '[*]C(CC(C(C)C)O[*])=O']",isotactic,copolymer,random,
[50],513,[*]OC(C)CC([*])=O.[*]C(CC(CCC)O[*])=O,,statistical,"[0.89, 0.10999999999999999]",,,1.0,,98.6,True,"['[*]OC(C)CC([*])=O', '[*]C(CC(CCC)O[*])=O']",isotactic,copolymer,random,
[50],514,[*]OC(C)CC([*])=O.[*]C(CCO[*])=O,,statistical,"[0.24, 0.76]",,,1.0,,43.0,True,"['[*]OC(C)CC([*])=O', '[*]C(CCO[*])=O']",isotactic,copolymer,random,
[50],515,[*]OC(C)CC([*])=O.[*]C(CCO[*])=O,,statistical,"[0.33, 0.6699999999999999]",,,1.0,,44.0,True,"['[*]OC(C)CC([*])=O', '[*]C(CCO[*])=O']",isotactic,copolymer,random,
[50],516,[*]OC(C)CC([*])=O.[*]C(CCO[*])=O,,statistical,"[0.29, 0.71]",,,1.0,,45.0,True,"['[*]OC(C)CC([*])=O', '[*]C(CCO[*])=O']",isotactic,copolymer,random,
[50],517,[*]OC(C)CC([*])=O.[*]C(CCO[*])=O,,statistical,"[0.54, 0.45999999999999996]",,,1.0,,59.0,True,"['[*]OC(C)CC([*])=O', '[*]C(CCO[*])=O']",isotactic,copolymer,random,
[50],518,[*]OC(C)CC([*])=O.[*]C(CCO[*])=O,,statistical,"[0.22, 0.78]",,,1.0,,61.0,True,"['[*]OC(C)CC([*])=O', '[*]C(CCO[*])=O']",isotactic,copolymer,random,
[50],519,[*]OC(C)CC([*])=O.[*]C(CCO[*])=O,,statistical,"[0.75, 0.25]",,,1.0,,100.0,True,"['[*]OC(C)CC([*])=O', '[*]C(CCO[*])=O']",isotactic,copolymer,random,
[50],520,[*]OC(C)CC([*])=O.[*]C(CCO[*])=O,,statistical,"[0.8, 0.19999999999999996]",,,1.0,,143.0,True,"['[*]OC(C)CC([*])=O', '[*]C(CCO[*])=O']",isotactic,copolymer,random,
[50],521,[*]OC(C)CC([*])=O.[*]C(CCO[*])=O,,statistical,"[0.89, 0.10999999999999999]",,,1.0,,152.0,True,"['[*]OC(C)CC([*])=O', '[*]C(CCO[*])=O']",isotactic,copolymer,random,
[50],522,[*]OC(C)CC([*])=O.[*]C(CCO[*])=O,,statistical,"[0.57, 0.43000000000000005]",,,1.0,,155.0,True,"['[*]OC(C)CC([*])=O', '[*]C(CCO[*])=O']",isotactic,copolymer,random,
[50],523,[*]OC(C)CC([*])=O.[*]C(CCO[*])=O,,statistical,"[0.63, 0.37]",,,1.0,,159.0,True,"['[*]OC(C)CC([*])=O', '[*]C(CCO[*])=O']",isotactic,copolymer,random,
[50],524,[*]OC(C)CC([*])=O.[*]C(CCO[*])=O,,statistical,"[0.93, 0.06999999999999995]",,,1.0,,160.0,True,"['[*]OC(C)CC([*])=O', '[*]C(CCO[*])=O']",isotactic,copolymer,random,
[50],525,[*]OC(C)CC([*])=O.[*]C(CCO[*])=O,,statistical,"[0.71, 0.29000000000000004]",,,1.0,,166.0,True,"['[*]OC(C)CC([*])=O', '[*]C(CCO[*])=O']",isotactic,copolymer,random,
[50],526,[*]OC(C)CC([*])=O.[*]C(CC(CC)O[*])=O,,statistical,"[0.68, 0.31999999999999995]",,,1.0,,99.0,True,"['[*]OC(C)CC([*])=O', '[*]C(CC(CC)O[*])=O']",isotactic,copolymer,random,
[50],527,[*]OC(C)CC([*])=O.[*]C(CC(CC)O[*])=O,,statistical,"[0.35, 0.65]",,,1.0,,99.2,True,"['[*]OC(C)CC([*])=O', '[*]C(CC(CC)O[*])=O']",isotactic,copolymer,random,
[50],528,[*]OC(C)CC([*])=O.[*]C(CC(CC)O[*])=O,,statistical,"[0.44, 0.56]",,,1.0,,99.5,True,"['[*]OC(C)CC([*])=O', '[*]C(CC(CC)O[*])=O']",isotactic,copolymer,random,
[50],529,[*]OC(C)CC([*])=O.[*]C(CC(CC)O[*])=O,,statistical,"[0.12, 0.88]",,,1.0,,99.7,True,"['[*]OC(C)CC([*])=O', '[*]C(CC(CC)O[*])=O']",isotactic,copolymer,random,
[50],530,[*]OC(C)CC([*])=O.[*]C(CC(CC)O[*])=O,,statistical,"[0.12, 0.88]",,,1.0,,100.0,True,"['[*]OC(C)CC([*])=O', '[*]C(CC(CC)O[*])=O']",isotactic,copolymer,random,
[50],531,[*]OC(C)CC([*])=O.[*]C(CC(CC)O[*])=O,,statistical,"[0.08, 0.92]",,,1.0,,101.8,True,"['[*]OC(C)CC([*])=O', '[*]C(CC(CC)O[*])=O']",isotactic,copolymer,random,
[50],532,[*]OC(C)CC([*])=O.[*]C(CC(CC)O[*])=O,,statistical,"[0.37, 0.63]",,,1.0,,102.1,True,"['[*]OC(C)CC([*])=O', '[*]C(CC(CC)O[*])=O']",isotactic,copolymer,random,
[50],533,[*]OC(C)CC([*])=O.[*]C(CC(CC)O[*])=O,,statistical,"[0.131, 0.869]",,,1.0,,102.3,True,"['[*]OC(C)CC([*])=O', '[*]C(CC(CC)O[*])=O']",isotactic,copolymer,random,
[50],534,[*]OC(C)CC([*])=O.[*]C(CC(CC)O[*])=O,,statistical,"[0.08, 0.92]",,,1.0,,102.9,True,"['[*]OC(C)CC([*])=O', '[*]C(CC(CC)O[*])=O']",isotactic,copolymer,random,
[50],535,[*]OC(C)CC([*])=O.[*]C(CC(CC)O[*])=O,,statistical,"[0.06, 0.94]",,,1.0,,103.1,True,"['[*]OC(C)CC([*])=O', '[*]C(CC(CC)O[*])=O']",isotactic,copolymer,random,
[50],536,[*]OC(C)CC([*])=O.[*]C(CC(CC)O[*])=O,,statistical,"[0.24, 0.76]",,,1.0,,103.4,True,"['[*]OC(C)CC([*])=O', '[*]C(CC(CC)O[*])=O']",isotactic,copolymer,random,
[50],537,[*]OC(C)CC([*])=O.[*]C(CC(CC)O[*])=O,,statistical,"[0.05, 0.95]",,,1.0,,104.8,True,"['[*]OC(C)CC([*])=O', '[*]C(CC(CC)O[*])=O']",isotactic,copolymer,random,
[50],538,[*]OC(C)CC([*])=O.[*]C(CC(CC)O[*])=O,,statistical,"[0.65, 0.35]",,,1.0,,105.0,True,"['[*]OC(C)CC([*])=O', '[*]C(CC(CC)O[*])=O']",isotactic,copolymer,random,
[50],539,[*]OC(C)CC([*])=O.[*]C(CC(CC)O[*])=O,,statistical,"[0.7, 0.30000000000000004]",,,1.0,,106.0,True,"['[*]OC(C)CC([*])=O', '[*]C(CC(CC)O[*])=O']",isotactic,copolymer,random,
[50],540,[*]OC(C)CC([*])=O.[*]C(CC(CC)O[*])=O,,statistical,"[0.005, 0.995]",,,1.0,,108.0,True,"['[*]OC(C)CC([*])=O', '[*]C(CC(CC)O[*])=O']",isotactic,copolymer,random,
[50],541,[*]OC(C)CC([*])=O.[*]C(CC(CC)O[*])=O,,statistical,"[0.71, 0.29000000000000004]",,,1.0,,112.0,True,"['[*]OC(C)CC([*])=O', '[*]C(CC(CC)O[*])=O']",isotactic,copolymer,random,
[50],542,[*]OC(C)CC([*])=O.[*]C(CC(CC)O[*])=O,,statistical,"[0.76, 0.24]",,,1.0,,129.0,True,"['[*]OC(C)CC([*])=O', '[*]C(CC(CC)O[*])=O']",isotactic,copolymer,random,
[50],543,[*]OC(C)CC([*])=O.[*]C(CC(CC)O[*])=O,,statistical,"[0.76, 0.24]",,,1.0,,138.0,True,"['[*]OC(C)CC([*])=O', '[*]C(CC(CC)O[*])=O']",isotactic,copolymer,random,
[50],544,[*]OC(C)CC([*])=O.[*]C(CC(CC)O[*])=O,,statistical,"[0.699, 0.30100000000000005]",,,1.0,,140.4,True,"['[*]OC(C)CC([*])=O', '[*]C(CC(CC)O[*])=O']",isotactic,copolymer,random,
[50],545,[*]OC(C)CC([*])=O.[*]C(CC(CC)O[*])=O,,statistical,"[0.909, 0.09099999999999997]",,,1.0,,151.2,True,"['[*]OC(C)CC([*])=O', '[*]C(CC(CC)O[*])=O']",isotactic,copolymer,random,
[50],546,[*]OC(C)CC([*])=O.[*]C(CC(CC)O[*])=O,,statistical,"[0.92, 0.07999999999999996]",,,1.0,,153.0,True,"['[*]OC(C)CC([*])=O', '[*]C(CC(CC)O[*])=O']",isotactic,copolymer,random,
[50],547,[*]OC(C)CC([*])=O.[*]C(CC(CC)O[*])=O,,statistical,"[0.88, 0.12]",,,1.0,,154.0,True,"['[*]OC(C)CC([*])=O', '[*]C(CC(CC)O[*])=O']",isotactic,copolymer,random,
[50],548,[*]OC(C)CC([*])=O.[*]C(CC(CC)O[*])=O,,statistical,"[0.952, 0.04800000000000004]",,,1.0,,157.0,True,"['[*]OC(C)CC([*])=O', '[*]C(CC(CC)O[*])=O']",isotactic,copolymer,random,
[50],549,[*]OC(C)CC([*])=O.[*]C(CC(CC)O[*])=O,,statistical,"[0.88, 0.12]",,,1.0,,168.7,True,"['[*]OC(C)CC([*])=O', '[*]C(CC(CC)O[*])=O']",isotactic,copolymer,random,
[50],550,[*]OC(C)CC([*])=O.[*]C(CC(CC)O[*])=O,,statistical,"[0.84, 0.16000000000000003]",,,1.0,,171.1,True,"['[*]OC(C)CC([*])=O', '[*]C(CC(CC)O[*])=O']",isotactic,copolymer,random,
[50],551,[*]OC(C)CC([*])=O.[*]C(CC(CC)O[*])=O,,statistical,"[0.87, 0.13]",,,1.0,,173.0,True,"['[*]OC(C)CC([*])=O', '[*]C(CC(CC)O[*])=O']",isotactic,copolymer,random,
[50],552,[*]OC(C)CC([*])=O.[*]C(CC(CC)O[*])=O,,statistical,"[0.88, 0.12]",,,1.0,,173.0,True,"['[*]OC(C)CC([*])=O', '[*]C(CC(CC)O[*])=O']",isotactic,copolymer,random,
[50],553,[*]OC(C)CC([*])=O.[*]C(CC(CC)O[*])=O,,statistical,"[0.975, 0.025000000000000022]",,,1.0,,175.9,True,"['[*]OC(C)CC([*])=O', '[*]C(CC(CC)O[*])=O']",isotactic,copolymer,random,
[50],554,[*]OC(C)CC([*])=O.[*]C(CC(CC)O[*])=O,,statistical,"[0.974, 0.026000000000000023]",,,1.0,,177.8,True,"['[*]OC(C)CC([*])=O', '[*]C(CC(CC)O[*])=O']",isotactic,copolymer,random,
[50],555,[*]OC(C)CC([*])=O.[*]C(CCCO[*])=O,,statistical,"[0.17, 0.83]",,,1.0,,37.0,True,"['[*]OC(C)CC([*])=O', '[*]C(CCCO[*])=O']",isotactic,copolymer,random,
[50],556,[*]OC(C)CC([*])=O.[*]C(CCCO[*])=O,,statistical,"[0.18, 0.8200000000000001]",,,1.0,,40.0,True,"['[*]OC(C)CC([*])=O', '[*]C(CCCO[*])=O']",isotactic,copolymer,random,
[50],557,[*]OC(C)CC([*])=O.[*]C(CCCO[*])=O,,statistical,"[0.24, 0.76]",,,1.0,,46.0,True,"['[*]OC(C)CC([*])=O', '[*]C(CCCO[*])=O']",isotactic,copolymer,random,
[50],558,[*]OC(C)CC([*])=O.[*]C(CCCO[*])=O,,statistical,"[0.7, 0.30000000000000004]",,,1.0,,121.0,True,"['[*]OC(C)CC([*])=O', '[*]C(CCCO[*])=O']",isotactic,copolymer,random,
[50],559,[*]OC(C)CC([*])=O.[*]C(CCCO[*])=O,,statistical,"[0.8, 0.19999999999999996]",,,1.0,,129.0,True,"['[*]OC(C)CC([*])=O', '[*]C(CCCO[*])=O']",isotactic,copolymer,random,
[50],560,[*]OC(C)CC([*])=O.[*]C(CCCO[*])=O,,statistical,"[0.79, 0.20999999999999996]",,,1.0,,132.0,True,"['[*]OC(C)CC([*])=O', '[*]C(CCCO[*])=O']",isotactic,copolymer,random,
[50],561,[*]OC(C)CC([*])=O.[*]C(CCCO[*])=O,,statistical,"[0.71, 0.29000000000000004]",,,1.0,,144.0,True,"['[*]OC(C)CC([*])=O', '[*]C(CCCO[*])=O']",isotactic,copolymer,random,
[50],562,[*]OC(C)CC([*])=O.[*]C(CCCO[*])=O,,statistical,"[0.9, 0.09999999999999998]",,,1.0,,147.0,True,"['[*]OC(C)CC([*])=O', '[*]C(CCCO[*])=O']",isotactic,copolymer,random,
[50],563,[*]OC(C)CC([*])=O.[*]C(CCCO[*])=O,,statistical,"[0.896, 0.10399999999999998]",,,1.0,,150.0,True,"['[*]OC(C)CC([*])=O', '[*]C(CCCO[*])=O']",isotactic,copolymer,random,
[50],564,[*]OC(C)CC([*])=O.[*]C(CCCO[*])=O,,statistical,"[0.89, 0.10999999999999999]",,,1.0,,151.0,True,"['[*]OC(C)CC([*])=O', '[*]C(CCCO[*])=O']",isotactic,copolymer,random,
[50],565,[*]OC(C)CC([*])=O.[*]C(CCCO[*])=O,,statistical,"[0.83, 0.17000000000000004]",,,1.0,,152.0,True,"['[*]OC(C)CC([*])=O', '[*]C(CCCO[*])=O']",isotactic,copolymer,random,
[50],566,[*]OC(C)CC([*])=O.[*]C(CCCO[*])=O,,statistical,"[0.9, 0.09999999999999998]",,,1.0,,154.0,True,"['[*]OC(C)CC([*])=O', '[*]C(CCCO[*])=O']",isotactic,copolymer,random,
[50],567,[*]OC(C)CC([*])=O.[*]C(CCCO[*])=O,,statistical,"[0.942, 0.05800000000000005]",,,1.0,,155.0,True,"['[*]OC(C)CC([*])=O', '[*]C(CCCO[*])=O']",isotactic,copolymer,random,
[50],568,[*]OC(C)CC([*])=O.[*]C(CCCO[*])=O,,statistical,"[0.87, 0.13]",,,1.0,,155.0,True,"['[*]OC(C)CC([*])=O', '[*]C(CCCO[*])=O']",isotactic,copolymer,random,
[50],569,[*]OC(C)CC([*])=O.[*]C(CCCO[*])=O,,statistical,"[0.957, 0.04300000000000004]",,,1.0,,157.0,True,"['[*]OC(C)CC([*])=O', '[*]C(CCCO[*])=O']",isotactic,copolymer,random,
[50],570,[*]OC(C)CC([*])=O.[*]C(CCCO[*])=O,,statistical,"[0.87, 0.13]",,,1.0,,157.0,True,"['[*]OC(C)CC([*])=O', '[*]C(CCCO[*])=O']",isotactic,copolymer,random,
[50],571,[*]OC(C)CC([*])=O.[*]C(CCCO[*])=O,,statistical,"[0.85, 0.15000000000000002]",,,1.0,,158.0,True,"['[*]OC(C)CC([*])=O', '[*]C(CCCO[*])=O']",isotactic,copolymer,random,
[50],572,[*]OC(C)CC([*])=O.[*]C(CCCO[*])=O,,statistical,"[0.25, 0.75]",,,1.0,,158.0,True,"['[*]OC(C)CC([*])=O', '[*]C(CCCO[*])=O']",isotactic,copolymer,random,
[50],573,[*]OC(C)CC([*])=O.[*]C(CCCO[*])=O,,statistical,"[0.89, 0.10999999999999999]",,,1.0,,160.0,True,"['[*]OC(C)CC([*])=O', '[*]C(CCCO[*])=O']",isotactic,copolymer,random,
[50],574,[*]OC(C)CC([*])=O.[*]C(CCCO[*])=O,,statistical,"[0.92, 0.07999999999999996]",,,1.0,,161.0,True,"['[*]OC(C)CC([*])=O', '[*]C(CCCO[*])=O']",isotactic,copolymer,random,
[50],575,[*]OC(C)CC([*])=O.[*]C(CCCO[*])=O,,statistical,"[0.707, 0.29300000000000004]",,,1.0,,162.0,True,"['[*]OC(C)CC([*])=O', '[*]C(CCCO[*])=O']",isotactic,copolymer,random,
[50],576,[*]OC(C)CC([*])=O.[*]C(CCCO[*])=O,,statistical,"[0.439, 0.5609999999999999]",,,1.0,,162.0,True,"['[*]OC(C)CC([*])=O', '[*]C(CCCO[*])=O']",isotactic,copolymer,random,
[50],577,[*]OC(C)CC([*])=O.[*]C(CCCO[*])=O,,statistical,"[0.906, 0.09399999999999997]",,,1.0,,162.0,True,"['[*]OC(C)CC([*])=O', '[*]C(CCCO[*])=O']",isotactic,copolymer,random,
[50],578,[*]OC(C)CC([*])=O.[*]C(CCCO[*])=O,,statistical,"[0.948, 0.052000000000000046]",,,1.0,,163.0,True,"['[*]OC(C)CC([*])=O', '[*]C(CCCO[*])=O']",isotactic,copolymer,random,
[50],579,[*]OC(C)CC([*])=O.[*]C(CCCO[*])=O,,statistical,"[0.953, 0.04700000000000004]",,,1.0,,163.0,True,"['[*]OC(C)CC([*])=O', '[*]C(CCCO[*])=O']",isotactic,copolymer,random,
[50],580,[*]OC(C)CC([*])=O.[*]C(CCCO[*])=O,,statistical,"[0.97, 0.030000000000000027]",,,1.0,,165.0,True,"['[*]OC(C)CC([*])=O', '[*]C(CCCO[*])=O']",isotactic,copolymer,random,
[50],581,[*]C(CC(CCCCC)O[*])=O.[*]OC(C)CC([*])=O,,statistical,"[0.98, 0.020000000000000018]",,,1.0,,66.1,True,"['[*]C(CC(CCCCC)O[*])=O', '[*]OC(C)CC([*])=O']",isotactic,copolymer,random,
[50],582,[*]C(CCO[*])=O.[*]C(CCCO[*])=O,,statistical,"[0.182, 0.8180000000000001]",,,1.0,,35.7,True,"['[*]C(CCO[*])=O', '[*]C(CCCO[*])=O']",isotactic,copolymer,random,
[50],583,[*]C(CCO[*])=O.[*]C(CCCO[*])=O,,statistical,"[0.881, 0.119]",,,1.0,,61.7,True,"['[*]C(CCO[*])=O', '[*]C(CCCO[*])=O']",isotactic,copolymer,random,
[50],584,[*]C(CCO[*])=O.[*]C(CCCO[*])=O,,statistical,"[0.745, 0.255]",,,1.0,,62.7,True,"['[*]C(CCO[*])=O', '[*]C(CCCO[*])=O']",isotactic,copolymer,random,
[50],585,[*]C(CCO[*])=O.[*]C(CCCO[*])=O,,statistical,"[0.621, 0.379]",,,1.0,,63.5,True,"['[*]C(CCO[*])=O', '[*]C(CCCO[*])=O']",isotactic,copolymer,random,
[50],586,[*]C(CCO[*])=O.[*]C(CCCO[*])=O,,statistical,"[0.33, 0.6699999999999999]",,,1.0,,64.8,True,"['[*]C(CCO[*])=O', '[*]C(CCCO[*])=O']",isotactic,copolymer,random,
[50],587,[*]C(CC(COc1ccc(C)cc1)O[*])=O.[*]C(CC(CCCOc1ccc(C)cc1)O[*])=O,,statistical,"[0.285, 0.7150000000000001]",,,1.0,,97.0,True,"['[*]C(CC(COc1ccc(C)cc1)O[*])=O', '[*]C(CC(CCCOc1ccc(C)cc1)O[*])=O']",isotactic,copolymer,random,
[50],588,[*]C(CC(CCOc1ccc(F)cc1)O[*])=O.[*]C(CC(CCCCOc1ccc(F)cc1)O[*])=O,,statistical,"[0.913, 0.08699999999999997]",,,1.0,,52.0,True,"['[*]C(CC(CCOc1ccc(F)cc1)O[*])=O', '[*]C(CC(CCCCOc1ccc(F)cc1)O[*])=O']",isotactic,copolymer,random,
[50],589,[*]C(CC(CCCCCCCCC)O[*])=O.[*]C(CC(CCc1ccccc1)O[*])=O,,statistical,"[0.68, 0.31999999999999995]",,,1.0,,75.8,True,"['[*]C(CC(CCCCCCCCC)O[*])=O', '[*]C(CC(CCc1ccccc1)O[*])=O']",isotactic,copolymer,random,
[50],590,[*]C(CC(CCCCCCCCC)O[*])=O.[*]C(CC(CCc1ccccc1)O[*])=O,,statistical,"[0.813, 0.18700000000000006]",,,1.0,,80.1,True,"['[*]C(CC(CCCCCCCCC)O[*])=O', '[*]C(CC(CCc1ccccc1)O[*])=O']",isotactic,copolymer,random,
[50],591,[*]C(CC(CCCCCCCCC)O[*])=O.[*]C(CC(CCc1ccccc1)O[*])=O,,statistical,"[0.971, 0.029000000000000026]",,,1.0,,81.0,True,"['[*]C(CC(CCCCCCCCC)O[*])=O', '[*]C(CC(CCc1ccccc1)O[*])=O']",isotactic,copolymer,random,
[50],592,[*]C(CC(CCCCCCC)O[*])=O.[*]C(CC(CCCCCCCCC)O[*])=O,,statistical,"[0.157, 0.843]",,,1.0,,77.6,True,"['[*]C(CC(CCCCCCC)O[*])=O', '[*]C(CC(CCCCCCCCC)O[*])=O']",isotactic,copolymer,random,
[50],593,[*]C(CC(CCC)O[*])=O.[*]C(CC(CCCCC)O[*])=O,,statistical,"[0.067, 0.933]",,,1.0,,61.0,True,"['[*]C(CC(CCC)O[*])=O', '[*]C(CC(CCCCC)O[*])=O']",isotactic,copolymer,random,
[50],594,[*]C(CC(CCCCC)O[*])=O.[*]C(CC(CCCCCCC)O[*])=O,,statistical,"[0.081, 0.919]",,,1.0,,69.4,True,"['[*]C(CC(CCCCC)O[*])=O', '[*]C(CC(CCCCCCC)O[*])=O']",isotactic,copolymer,random,
[50],595,[*]C(CC(CCCCCCC)O[*])=O.[*]C(CC(CCCCCCCCC)O[*])=O,,statistical,"[0.437, 0.563]",,,1.0,,74.9,True,"['[*]C(CC(CCCCCCC)O[*])=O', '[*]C(CC(CCCCCCCCC)O[*])=O']",isotactic,copolymer,random,
[50],596,[*]OC(C)CC([*])=O.[*]C(CCCCO[*])=O,,statistical,"[0.776, 0.22399999999999998]",,,1.0,,133.0,True,"['[*]OC(C)CC([*])=O', '[*]C(CCCCO[*])=O']",isotactic,copolymer,random,
[55],597,[*]OC(C)CC([*])=O.[*]C(CC(CCC)O[*])=O,,statistical,"[0.9, 0.10]",,,1.0,,127.0,True,"['[*]OC(C)CC([*])=O', '[*]C(CC(CCC)O[*])=O']",isotactic,copolymer,random,"Table 3, 3"
[51],598,[*]C(C1=CC=CC=C1)C[*],,block,,,,0.5,,,False,['[*]C(C1=CC=CC=C1)C[*]'],atactic,homopolymer,,
[51],599,[*]C(C)C[*],,block,,,,0.5,,,False,['[*]C(C)C[*]'],atactic,homopolymer,,
[51],600,[*]C(Cl)C[*],,block,,,,0.5,,,False,['[*]C(Cl)C[*]'],atactic,homopolymer,,
[51],601,[*]C(C(OC)=O)(C[*])C,,block,,,,0.5,,,False,['[*]C(C(OC)=O)(C[*])C'],atactic,homopolymer,,
[51],602,[*]C(Oc1ccc(C(C)(c2ccc(O[*])cc2)C)cc1)=O,,block,,,,,,,False,['[*]C(Oc1ccc(C(C)(c2ccc(O[*])cc2)C)cc1)=O'],achiral,homopolymer,,
[51],603,[*]Oc1ccc(S(=O)(c2ccc([*])cc2)=O)cc1,,block,,,,,,,False,['[*]Oc1ccc(S(=O)(c2ccc([*])cc2)=O)cc1'],achiral,homopolymer,,
[51],604,[*]c1ccc(S(=O)(c2ccc(C(C)(c3ccc(O[*])cc3)C)cc2)=O)cc1,,block,,,,,,,False,['[*]c1ccc(S(=O)(c2ccc(C(C)(c3ccc(O[*])cc3)C)cc2)=O)cc1'],achiral,homopolymer,,
[51],605,[*]c1cc(C)c(O[*])c(C)c1,,block,,,,,,,False,['[*]c1cc(C)c(O[*])c(C)c1'],achiral,homopolymer,,
[51],606,[*]C(C[*])C#N,,block,,,,0.5,,,False,['[*]C(C[*])C#N'],atactic,homopolymer,,
[52],607,[*]C(C(O[*])=O)C,,block,,,,0.5,,,False,['[*]C(C(O[*])=O)C'],atactic,homopolymer,,
[51],608,[*]CC([*])C(OC)=O,,block,,,,0.5,,,False,['[*]CC([*])C(OC)=O'],atactic,homopolymer,,
[51],609,[*]CC([*])C(OCC)=O,,block,,,,0.5,,,False,['[*]CC([*])C(OCC)=O'],atactic,homopolymer,,
[51],610,[*]CC([*])C(OCCCC)=O,,block,,,,0.5,,,False,['[*]CC([*])C(OCCCC)=O'],atactic,homopolymer,,
[53],611,C[Si](O[*])([*])C,,block,,,,,,,False,['C[Si](O[*])([*])C'],achiral,homopolymer,,
[51],612,[*]C(C[*])OC(C)=O,,block,,,,0.5,,,False,['[*]C(C[*])OC(C)=O'],atactic,homopolymer,,
[51],613,[*]CC(c1ccccc1)([*])C,,block,,,,0.5,,,False,['[*]CC(c1ccccc1)([*])C'],atactic,homopolymer,,
[51],614,[*]CC(C(OCC(C)C)=O)([*])C,,block,,,,0.5,,,False,['[*]CC(C(OCC(C)C)=O)([*])C'],atactic,homopolymer,,
[51],615,[*]CC(C(OC1CCCCC1)=O)([*])C,,block,,,,0.5,,,False,['[*]CC(C(OC1CCCCC1)=O)([*])C'],atactic,homopolymer,,
[51],616,[*]C(C[*])c1ccncc1,,block,,,,0.5,,,False,['[*]C(C[*])c1ccncc1'],atactic,homopolymer,,
[54],617,[*]CC(C)([*])C,,block,,,,,,,False,['[*]CC(C)([*])C'],achiral,homopolymer,,
[54],618,[*]CC([*])C(O)=O,,block,,,,0.5,,,False,['[*]CC([*])C(O)=O'],atactic,homopolymer,,
[54],619,[*]C(C(OCC)=O)(C[*])C,,block,,,,0.5,,,False,['[*]C(C(OCC)=O)(C[*])C'],atactic,homopolymer,,
[54],620,[*]C(C(OCCC)=O)(C[*])C,,block,,,,0.5,,,False,['[*]C(C(OCCC)=O)(C[*])C'],atactic,homopolymer,,
[54],621,[*]C(C(OCCCC)=O)(C[*])C,,block,,,,0.5,,,False,['[*]C(C(OCCCC)=O)(C[*])C'],atactic,homopolymer,,
[54],622,[*]C(C(OCCCCCC)=O)(C[*])C,,block,,,,0.5,,,False,['[*]C(C(OCCCCCC)=O)(C[*])C'],atactic,homopolymer,,
[54],623,[*]C(C(OCCCCCCCC)=O)(C[*])C,,block,,,,0.5,,,False,['[*]C(C(OCCCCCCCC)=O)(C[*])C'],atactic,homopolymer,,
[54],624,[*]CC([*])O,,block,,,,0.5,,,False,['[*]CC([*])O'],atactic,homopolymer,,
[51],625,[*]C(OCCCCCCO[*])=O,,block,,,,,,60.0,True,['[*]C(OCCCCCCO[*])=O'],achiral,homopolymer,,
[51],626,[*]C(CCC(OCCCCCCO[*])=O)=O,,block,,,,,,57.0,True,['[*]C(CCC(OCCCCCCO[*])=O)=O'],achiral,homopolymer,,
[51],627,[*]C(CCCC(OCCCCCCO[*])=O)=O,,block,,,,,,34.0,True,['[*]C(CCCC(OCCCCCCO[*])=O)=O'],achiral,homopolymer,,
[51],628,[*]C(CCCCCCCC(OCCCCCCO[*])=O)=O,,block,,,,,,53.0,True,['[*]C(CCCCCCCC(OCCCCCCO[*])=O)=O'],achiral,homopolymer,,
[51],629,[*]C(CCCCCC(OCCCCCCO[*])=O)=O,,block,,,,,,50.0,True,['[*]C(CCCCCC(OCCCCCCO[*])=O)=O'],achiral,homopolymer,,
[51],630,[*]C(COCC(OCCCCCCO[*])=O)=O,,block,,,,,,51.0,True,['[*]C(COCC(OCCCCCCO[*])=O)=O'],achiral,homopolymer,,
[51],631,[*]C(c1cc(C(NCCCCCCN[*])=O)ccc1)=O,,block,,,,,,200.0,True,['[*]C(c1cc(C(NCCCCCCN[*])=O)ccc1)=O'],achiral,homopolymer,,
[51],632,[*]C(CCCCCC(NCCCCCCN[*])=O)=O,,block,,,,,,202.0,True,['[*]C(CCCCCC(NCCCCCCN[*])=O)=O'],achiral,homopolymer,,
[51],633,[*]C(CCSCCC(NCCCCCCN[*])=O)=O,,block,,,,,,216.0,True,['[*]C(CCSCCC(NCCCCCCN[*])=O)=O'],achiral,homopolymer,,
[51],634,[*]C(=O)CCCCCCCCCCCCC(=O)NCCCCCCN[*],,block,,,,,,209.0,True,['[*]C(=O)CCCCCCCCCCCCC(=O)NCCCCCCN[*]'],achiral,homopolymer,,
[51],635,[*]C(=O)c1ccc(cc1)S(=O)(=O)c1ccc(cc1)C(=O)NCCCCCCN[*],,block,,,,,,310.0,True,['[*]C(=O)c1ccc(cc1)S(=O)(=O)c1ccc(cc1)C(=O)NCCCCCCN[*]'],achiral,homopolymer,,
[51],636,[*]C(=O)c1ccc(cc1)C(=O)N(C)CCCCCCN(C)[*],,block,,,,,,260.0,True,['[*]C(=O)c1ccc(cc1)C(=O)N(C)CCCCCCN(C)[*]'],achiral,homopolymer,,
[51],637,[*]NCCNC(=O)[*],,block,,,,,,400.0,True,['[*]NCCNC(=O)[*]'],achiral,homopolymer,,
[53],638,[*]CC(CC(C)C)[*],,block,,,,0.95,,64.0,True,['[*]CC(CC(C)C)[*]'],isotactic,homopolymer,,
[53],639,[*]CC(CC(C)C)[*],,block,,,,0.075,,42.0,True,['[*]CC(CC(C)C)[*]'],syndiotactic,homopolymer,,
[53],640,[*]C(C)C[*],,block,,,,0.09,,135.0,True,['[*]C(C)C[*]'],syndiotactic,homopolymer,,
[53],641,[*]C(C)C[*],,block,,,,0.025,,186.0,True,['[*]C(C)C[*]'],syndiotactic,homopolymer,,
[53],642,[*]C(C[*])c1ccccc1,,block,,,,0.02,,265.0,True,['[*]C(C[*])c1ccccc1'],syndiotactic,homopolymer,,
[53],643,[*]C(C[*])c1ccccc1,,block,,,,0.975,,230.0,True,['[*]C(C[*])c1ccccc1'],isotactic,homopolymer,,
