name,mae,mae_std,rmse,rmse_std,r2,r2_std,time_s
GCN (PBSG),18.830166780736143,1.7887927208207808,26.932515145994767,2.6313800976117863,0.826311543297573,0.045236731556118986,127.2787652015686
GINE (PBSG),17.589338663009183,2.2117809198440255,25.952246823948578,3.3439854471976016,0.8401072821059019,0.04067531026469811,243.64383625984192
GATV2 (PBSG),18.48834856882301,0.9386090540285426,26.102570707747162,2.388248908354358,0.8369570013672563,0.04016349490249075,167.8487639427185
GCN (SMILES),21.526903071899895,1.8813307936164436,29.766224188678677,2.0253255728807473,0.7897551492746435,0.041766404596273475,291.31671500205994
GINE (SMILES),21.58958548215586,2.5847311468248644,29.58043890405917,2.6810979943292557,0.7927358714816769,0.04081904927691389,240.26820397377014
GATV2 (SMILES),20.954548062947623,2.4416009822507494,28.913405806279094,3.642845939342769,0.8019104080479075,0.04564700664145644,1854.670697927475
GCN (SMILES+global),22.09048039976108,2.277782874677626,30.165953910266165,2.5134372870754973,0.7834269865335495,0.04835277180993381,320.4094400405884
GINE (SMILES+global),21.28388244866751,2.899009498597259,29.75748343310851,3.6046845123383493,0.7870698731518401,0.06107528712380643,835.115217924118
GATV2 (SMILES+global),21.734797563386138,1.347286979339679,30.929361227417484,2.1013392027984303,0.7757725802773658,0.026611671158507773,853.4505100250244
RR (FP+pooled RU),22.122773512688234,2.4479572458265353,30.2317323091753,4.398256325494311,0.7788408751527982,0.07352564468806189,0.13805389404296875
RF (FP+pooled RU),18.76106297162545,2.5849038548882,29.801516407878545,5.303797876727137,0.78885124183376,0.06513979494870473,0.755932092666626
XGB (FP+pooled RU),15.767147926109425,2.3519236165410113,27.19957835688452,3.6116297942239215,0.8272668084627004,0.03309270736713015,1.542072057723999
RR (FP RU),24.19969789809075,2.184703775621903,33.36605811073252,3.9315481760039894,0.7326037674974556,0.07935357859636114,0.2071700096130371
RF (FP RU),24.119712164146936,2.8409750179047304,34.465900717939434,5.042807102059485,0.7196808942649001,0.06569381645432201,0.6988341808319092
XGB (FP RU),23.466152196690658,1.8790946463909937,34.48649162050956,3.868059035152451,0.7181271973643751,0.06137464228117132,2.538367986679077
RR (FP+pooled poly),19.560279925802483,3.4942001010908452,29.70628760188198,5.88328960676914,0.7855837726400049,0.07991016058582838,0.16873788833618164
RF (FP+pooled poly),17.53597384962827,2.9052427066320794,27.63035006419894,5.744988785728017,0.8172561531291604,0.0671267301540261,0.7328231334686279
XGB (FP+pooled poly),17.229502640116042,2.216917894715861,28.05984290272321,2.599964482479312,0.8154598110765352,0.02819021100241342,1.3268380165100098
RR (FP poly),21.33020837756171,3.1766800787035243,31.914187859870886,5.401587946248317,0.7560013910091865,0.07569663760857111,0.04840493202209473
RF (FP poly),19.384014555992117,2.946501205431085,30.3197887118015,5.440777491515432,0.7808431257552308,0.06817493652858109,1.8060917854309082
XGB (FP poly),19.588199388600778,1.9454700202895514,30.240947850282833,3.6282603416586063,0.7823860944873317,0.05540818150215558,3.5392098426818848
