name,fold,mae,rmse,r2
GCN (PBSG),1,18.432733256541237,26.429601282262478,0.8574614695131846
GCN (PBSG),2,21.845005581285786,30.23476384155807,0.7523098078499396
GCN (PBSG),3,16.9819012684584,26.304725672358465,0.8180021988446007
GCN (PBSG),4,17.21275116653244,22.628737413739756,0.8865869153439212
GCN (PBSG),5,19.678442630862865,29.064747520055054,0.8171973249362182
GINE (PBSG),1,19.21976489289774,26.43334727803509,0.8574210612931354
GINE (PBSG),2,18.58842038478727,27.762479710250016,0.7911607346139133
GINE (PBSG),3,13.990838890499145,22.021607072762336,0.8724452588606278
GINE (PBSG),4,16.152279601299558,22.55235023120991,0.8873513136047223
GINE (PBSG),5,19.995389545562208,30.991449827485525,0.7921580421571105
GATV2 (PBSG),1,19.1616991179768,25.630544318000755,0.8659500324632826
GATV2 (PBSG),2,19.85866125406537,28.413432739214844,0.7812525192913279
GATV2 (PBSG),3,17.53764512303361,26.803378209858266,0.8110366167267847
GATV2 (PBSG),4,17.406770845824525,21.731157028851047,0.8954056520065569
GATV2 (PBSG),5,18.476966503214754,27.934341242810895,0.831140186348329
GCN (SMILES),1,24.403557883174724,31.80040293836539,0.7936443805201372
GCN (SMILES),2,21.580495862986403,31.683103282506828,0.7280111663307671
GCN (SMILES),3,20.75581958290382,30.120963922092514,0.7613638032423421
GCN (SMILES),4,18.645454191151764,26.328486291690194,0.8464696292388839
GCN (SMILES),5,22.24918783928275,28.898164508738475,0.8192867670410874
GINE (SMILES),1,24.653042796941804,32.116080443995564,0.7895271274401219
GINE (SMILES),2,21.277265704682282,31.041917517981098,0.7389085021405837
GINE (SMILES),3,20.372490233221694,28.87139290802935,0.7807527972629805
GINE (SMILES),4,17.561897425533676,24.660156072778054,0.8653103703429386
GINE (SMILES),5,24.083231250399844,31.2126475775118,0.7891805602217601
GATV2 (SMILES),1,24.79436651522784,35.337526638556675,0.7451859608605443
GATV2 (SMILES),2,20.498141455663834,28.254262292439773,0.7836964766929155
GATV2 (SMILES),3,20.98431100315866,29.445856546278357,0.7719411284934004
GATV2 (SMILES),4,17.123249259916914,24.258781722763025,0.8696591674951544
GATV2 (SMILES),5,21.372672080770847,27.270601831357652,0.8390693066975231
GCN (SMILES+global),1,24.715652212158627,31.68256644698518,0.795170849873681
GCN (SMILES+global),2,23.644429734310275,32.99486479589867,0.7050228639579924
GCN (SMILES+global),3,21.07504230643907,29.686152018664213,0.768203752374979
GCN (SMILES+global),4,18.206506297633464,25.627150583831313,0.8545401422304104
GCN (SMILES+global),5,22.810771448263964,30.839035705951435,0.7941973242306848
GINE (SMILES+global),1,23.357575281254327,30.861535530376678,0.8056492970078952
GINE (SMILES+global),2,24.302655997786317,33.89957241316203,0.6886247500159772
GINE (SMILES+global),3,20.571745588610444,28.8368678763046,0.7812768447697203
GINE (SMILES+global),4,16.05173622887282,23.32914325018209,0.8794575270867443
GINE (SMILES+global),5,22.13569914681363,31.860298095517173,0.7803409468788632
GATV2 (SMILES+global),1,24.348982221693696,34.653166542218706,0.7549600439759319
GATV2 (SMILES+global),2,21.464178153913643,30.743211774181347,0.7439091144094918
GATV2 (SMILES+global),3,20.62465546696631,29.125123110678544,0.7768822474714414
GATV2 (SMILES+global),4,21.414424408815783,31.37015204213116,0.7820405194527063
GATV2 (SMILES+global),5,20.82174756554124,28.75515266787768,0.8210709760772583
RR (FP+pooled RU),1,20.870638617916384,28.461312715616693,0.8347045466840897
RR (FP+pooled RU),2,25.03022790438887,35.07552285201191,0.6666473239163532
RR (FP+pooled RU),3,21.217519809888763,27.727033838506028,0.7977887006619271
RR (FP+pooled RU),4,18.67849340024202,24.3041969532046,0.8691706847589362
RR (FP+pooled RU),5,24.81698783100515,35.59059518653728,0.7258931197426843
RF (FP+pooled RU),1,20.63797969663925,32.697372583431246,0.7818391757275989
RF (FP+pooled RU),2,19.74531060757116,28.718576618687873,0.7765288514638994
RF (FP+pooled RU),3,16.453530384105957,25.21929480823076,0.8327121221401861
RF (FP+pooled RU),4,15.060862854291491,23.897090281960885,0.8735168814027345
RF (FP+pooled RU),5,21.907631315519396,38.47524774708197,0.6796591784343813
XGB (FP+pooled RU),1,15.676619662409243,28.60189694488592,0.8330675648728361
XGB (FP+pooled RU),2,14.877645862966343,22.675778043742024,0.8606778930797297
XGB (FP+pooled RU),3,12.963242539115576,24.180967039429873,0.8462036866630642
XGB (FP+pooled RU),4,15.226283684329712,27.546970237445187,0.8319300015487104
XGB (FP+pooled RU),5,20.091947881726252,32.992279518919595,0.7644548961491615
RR (FP RU),1,24.03131598873415,32.17887073410836,0.7887033303411344
RR (FP RU),2,27.132999298537985,38.67436070787031,0.5947323614850006
RR (FP RU),3,22.904863772184953,30.272093638466867,0.7589631122470177
RR (FP RU),4,20.9671692336815,28.516716974615004,0.8198884485720641
RR (FP RU),5,25.96214119731516,37.18824849860206,0.7007315848420607
RF (FP RU),1,27.480087897406467,40.14002075570566,0.6712193580384552
RF (FP RU),2,24.270657097825065,34.12072048535512,0.6845489154259587
RF (FP RU),3,22.28884713056724,29.695199608589213,0.7680624353406129
RF (FP RU),4,19.79546701964908,28.190143751680967,0.8239900994760126
RF (FP RU),5,26.763501675286815,40.18341898836618,0.6505836630434609
XGB (FP RU),1,25.821681666719748,38.43718269625527,0.698523024519405
XGB (FP RU),2,24.310343922048375,36.604641309135665,0.6369487387210506
XGB (FP RU),3,21.74138314620308,31.8991422159167,0.7323565591530508
XGB (FP RU),4,20.814095947707912,28.165346534882403,0.8242996144666807
XGB (FP RU),5,24.643256300774173,37.32614534635775,0.6985080499616887
RR (FP+pooled poly),1,22.601450358957486,33.98384013782837,0.7643345277742696
RR (FP+pooled poly),2,21.982152811686195,34.580808228014845,0.6759844018339374
RR (FP+pooled poly),3,16.262713335562445,23.84882636580247,0.8503996470131162
RR (FP+pooled poly),4,14.43313828620358,21.30361377511744,0.8994807877704426
RR (FP+pooled poly),5,22.521944836602696,34.81434950264677,0.7377194988082583
RF (FP+pooled poly),1,19.88750749423003,30.525547972315735,0.8098580290638349
RF (FP+pooled poly),2,17.130972204962667,26.71017364381865,0.8066923409350735
RF (FP+pooled poly),3,15.245517531825739,21.765538884754385,0.8753944337067014
RF (FP+pooled poly),4,13.758055820736322,22.030897917916434,0.8925003840348517
RF (FP+pooled poly),5,21.6578161963866,37.11959190218948,0.7018355779053407
XGB (FP+pooled poly),1,16.889407325482022,28.477708756649463,0.8345140444603942
XGB (FP+pooled poly),2,17.37522320401841,26.340569883206463,0.8120051412783421
XGB (FP+pooled poly),3,15.71413515892582,26.24947964297043,0.8187658680168702
XGB (FP+pooled poly),4,14.868881756326427,26.257931796306202,0.8472913814696165
XGB (FP+pooled poly),5,21.29986575582753,32.9735244344835,0.7647226201574528
RR (FP poly),1,24.550042016955395,36.175862985848845,0.7329522925768396
RR (FP poly),2,22.665367789890457,35.21622024631741,0.6639676249646398
RR (FP poly),3,18.77564681785694,26.117542304053906,0.8205831578299317
RR (FP poly),4,16.47124578503595,24.640894942897695,0.8655206904432927
RR (FP poly),5,24.188739478069806,37.420418820236556,0.6969831892312282
RF (FP poly),1,22.029397373378515,33.79344907963762,0.7669677153446717
RF (FP poly),2,19.340054204101644,30.848618072786483,0.7421500412924011
RF (FP poly),3,17.151115670537116,24.65403217311396,0.8401272255852614
RF (FP poly),4,15.240231219257744,24.00368484118005,0.8723859921008108
RF (FP poly),5,23.159274312685557,38.29915939228939,0.6825846544530096
XGB (FP poly),1,21.142381152899368,32.399045660691755,0.785801961502744
XGB (FP poly),2,20.946397764786425,33.58735921206331,0.6943338429774568
XGB (FP poly),3,17.801437869970346,26.395031909488175,0.8167504243301162
XGB (FP poly),4,16.697509190656135,25.300752598311075,0.8582218202267682
XGB (FP poly),5,21.353270964691607,33.52254987085984,0.756822423399573
