feature,mean_abs_shap,category
RotBonds,19.792227,Node Feature
flexibility,14.437167,Node Feature
LogP,7.3335843,Node Feature
Pm,7.2856855,Global Feature
morgan_fp_664,6.694024,Morgan Fingerprint
Heteroatoms,6.265864,Node Feature
avg_branch_length,5.113041,Node Feature
backbone_atoms,4.911484,Node Feature
HBA,4.7538576,Node Feature
AmideBonds,4.33254,Node Feature
side_bulkiness_frac,3.8757126,Node Feature
morgan_fp_739,3.7022774,Morgan Fingerprint
sidechain_atoms,3.3853118,Node Feature
kier_flex,3.1445594,Node Feature
Rings,3.100583,Node Feature
AromaticRings,3.0608075,Node Feature
Px,2.9938653,Global Feature
morgan_fp_147,2.3865898,Morgan Fingerprint
morgan_fp_359,1.9739841,Morgan Fingerprint
MolWt,1.9423833,Node Feature
stereo_syndiotactic,1.9006476,Stereochemistry
morgan_fp_283,1.7597222,Morgan Fingerprint
TPSA,1.6395099,Node Feature
stereo_isotactic,1.5013869,Stereochemistry
asym,1.4363557,Global Feature
morgan_fp_80,1.4302716,Morgan Fingerprint
morgan_fp_266,1.3914365,Morgan Fingerprint
morgan_fp_64,1.3805262,Morgan Fingerprint
stereo_stereo-irregular,1.2396333,Stereochemistry
arch_homopolymer,1.1880417,Architecture
HBD,1.0755675,Node Feature
morgan_fp_6,0.9480684,Morgan Fingerprint
stereo_achiral,0.9313235,Stereochemistry
morgan_fp_79,0.88738644,Morgan Fingerprint
morgan_fp_540,0.6653212,Morgan Fingerprint
morgan_fp_1,0.6071996,Morgan Fingerprint
morgan_fp_599,0.5854264,Morgan Fingerprint
morgan_fp_128,0.5824975,Morgan Fingerprint
morgan_fp_967,0.5742854,Morgan Fingerprint
morgan_fp_823,0.5576152,Morgan Fingerprint
morgan_fp_452,0.5497405,Morgan Fingerprint
morgan_fp_11,0.5350111,Morgan Fingerprint
morgan_fp_197,0.50966036,Morgan Fingerprint
morgan_fp_170,0.48484802,Morgan Fingerprint
morgan_fp_573,0.4840513,Morgan Fingerprint
morgan_fp_132,0.47607112,Morgan Fingerprint
morgan_fp_362,0.45483318,Morgan Fingerprint
morgan_fp_150,0.43400612,Morgan Fingerprint
morgan_fp_969,0.43350303,Morgan Fingerprint
morgan_fp_629,0.4118511,Morgan Fingerprint
morgan_fp_33,0.4016922,Morgan Fingerprint
morgan_fp_638,0.39689803,Morgan Fingerprint
morgan_fp_1014,0.36473814,Morgan Fingerprint
morgan_fp_626,0.35636017,Morgan Fingerprint
morgan_fp_386,0.35372582,Morgan Fingerprint
stereo_atactic,0.33853158,Stereochemistry
edge_stereo,0.33047897,Edge
morgan_fp_356,0.30648068,Morgan Fingerprint
morgan_fp_249,0.3050529,Morgan Fingerprint
morgan_fp_32,0.3038891,Morgan Fingerprint
morgan_fp_586,0.29409257,Morgan Fingerprint
morgan_fp_389,0.28161827,Morgan Fingerprint
morgan_fp_341,0.27247295,Morgan Fingerprint
morgan_fp_716,0.2693075,Morgan Fingerprint
morgan_fp_294,0.23752181,Morgan Fingerprint
morgan_fp_114,0.23698525,Morgan Fingerprint
morgan_fp_721,0.22877854,Morgan Fingerprint
morgan_fp_247,0.22287485,Morgan Fingerprint
morgan_fp_264,0.21126638,Morgan Fingerprint
morgan_fp_483,0.2017062,Morgan Fingerprint
morgan_fp_284,0.20043553,Morgan Fingerprint
morgan_fp_13,0.19603999,Morgan Fingerprint
morgan_fp_699,0.18663095,Morgan Fingerprint
morgan_fp_841,0.18590735,Morgan Fingerprint
morgan_fp_176,0.18213277,Morgan Fingerprint
morgan_fp_1011,0.18069561,Morgan Fingerprint
morgan_fp_145,0.17258967,Morgan Fingerprint
morgan_fp_695,0.16771069,Morgan Fingerprint
morgan_fp_632,0.16220486,Morgan Fingerprint
morgan_fp_887,0.1470591,Morgan Fingerprint
morgan_fp_323,0.13477938,Morgan Fingerprint
morgan_fp_639,0.12996295,Morgan Fingerprint
morgan_fp_429,0.12723942,Morgan Fingerprint
morgan_fp_207,0.124748245,Morgan Fingerprint
morgan_fp_777,0.12372368,Morgan Fingerprint
morgan_fp_3,0.12169399,Morgan Fingerprint
morgan_fp_557,0.11880558,Morgan Fingerprint
morgan_fp_407,0.11170665,Morgan Fingerprint
morgan_fp_976,0.10562912,Morgan Fingerprint
morgan_fp_42,0.10212723,Morgan Fingerprint
morgan_fp_175,0.100219294,Morgan Fingerprint
morgan_fp_926,0.09805735,Morgan Fingerprint
morgan_fp_650,0.090163834,Morgan Fingerprint
morgan_fp_339,0.0890358,Morgan Fingerprint
arch_random,0.08724972,Architecture
morgan_fp_625,0.08493655,Morgan Fingerprint
morgan_fp_875,0.08364836,Morgan Fingerprint
morgan_fp_125,0.081317104,Morgan Fingerprint
morgan_fp_725,0.07480248,Morgan Fingerprint
morgan_fp_940,0.07441442,Morgan Fingerprint
morgan_fp_807,0.06807371,Morgan Fingerprint
morgan_fp_261,0.06763869,Morgan Fingerprint
morgan_fp_726,0.052858524,Morgan Fingerprint
AliphaticRings,0.0478396,Node Feature
morgan_fp_501,0.046181668,Morgan Fingerprint
morgan_fp_271,0.042883065,Morgan Fingerprint
morgan_fp_423,0.042380463,Morgan Fingerprint
morgan_fp_591,0.041206025,Morgan Fingerprint
morgan_fp_373,0.041193753,Morgan Fingerprint
morgan_fp_1019,0.040199116,Morgan Fingerprint
morgan_fp_794,0.03956572,Morgan Fingerprint
morgan_fp_924,0.038533416,Morgan Fingerprint
morgan_fp_10,0.032641623,Morgan Fingerprint
morgan_fp_512,0.029951746,Morgan Fingerprint
morgan_fp_259,0.025916649,Morgan Fingerprint
morgan_fp_890,0.022918228,Morgan Fingerprint
morgan_fp_119,0.021918079,Morgan Fingerprint
morgan_fp_518,0.018015806,Morgan Fingerprint
morgan_fp_688,0.0,Morgan Fingerprint
morgan_fp_687,0.0,Morgan Fingerprint
morgan_fp_689,0.0,Morgan Fingerprint
morgan_fp_717,0.0,Morgan Fingerprint
morgan_fp_715,0.0,Morgan Fingerprint
morgan_fp_696,0.0,Morgan Fingerprint
morgan_fp_714,0.0,Morgan Fingerprint
morgan_fp_713,0.0,Morgan Fingerprint
morgan_fp_702,0.0,Morgan Fingerprint
morgan_fp_703,0.0,Morgan Fingerprint
morgan_fp_704,0.0,Morgan Fingerprint
morgan_fp_705,0.0,Morgan Fingerprint
morgan_fp_706,0.0,Morgan Fingerprint
morgan_fp_707,0.0,Morgan Fingerprint
morgan_fp_694,0.0,Morgan Fingerprint
morgan_fp_701,0.0,Morgan Fingerprint
morgan_fp_708,0.0,Morgan Fingerprint
morgan_fp_693,0.0,Morgan Fingerprint
morgan_fp_709,0.0,Morgan Fingerprint
morgan_fp_692,0.0,Morgan Fingerprint
morgan_fp_691,0.0,Morgan Fingerprint
morgan_fp_697,0.0,Morgan Fingerprint
morgan_fp_710,0.0,Morgan Fingerprint
morgan_fp_711,0.0,Morgan Fingerprint
morgan_fp_700,0.0,Morgan Fingerprint
morgan_fp_698,0.0,Morgan Fingerprint
morgan_fp_690,0.0,Morgan Fingerprint
morgan_fp_712,0.0,Morgan Fingerprint
morgan_fp_738,0.0,Morgan Fingerprint
morgan_fp_718,0.0,Morgan Fingerprint
morgan_fp_719,0.0,Morgan Fingerprint
morgan_fp_750,0.0,Morgan Fingerprint
morgan_fp_751,0.0,Morgan Fingerprint
morgan_fp_752,0.0,Morgan Fingerprint
morgan_fp_753,0.0,Morgan Fingerprint
morgan_fp_754,0.0,Morgan Fingerprint
morgan_fp_755,0.0,Morgan Fingerprint
morgan_fp_756,0.0,Morgan Fingerprint
morgan_fp_757,0.0,Morgan Fingerprint
morgan_fp_758,0.0,Morgan Fingerprint
morgan_fp_759,0.0,Morgan Fingerprint
morgan_fp_760,0.0,Morgan Fingerprint
morgan_fp_761,0.0,Morgan Fingerprint
morgan_fp_762,0.0,Morgan Fingerprint
morgan_fp_763,0.0,Morgan Fingerprint
morgan_fp_764,0.0,Morgan Fingerprint
morgan_fp_765,0.0,Morgan Fingerprint
morgan_fp_766,0.0,Morgan Fingerprint
morgan_fp_767,0.0,Morgan Fingerprint
morgan_fp_768,0.0,Morgan Fingerprint
morgan_fp_769,0.0,Morgan Fingerprint
morgan_fp_770,0.0,Morgan Fingerprint
morgan_fp_771,0.0,Morgan Fingerprint
morgan_fp_772,0.0,Morgan Fingerprint
morgan_fp_749,0.0,Morgan Fingerprint
morgan_fp_748,0.0,Morgan Fingerprint
morgan_fp_747,0.0,Morgan Fingerprint
morgan_fp_733,0.0,Morgan Fingerprint
morgan_fp_720,0.0,Morgan Fingerprint
morgan_fp_722,0.0,Morgan Fingerprint
morgan_fp_723,0.0,Morgan Fingerprint
morgan_fp_724,0.0,Morgan Fingerprint
morgan_fp_727,0.0,Morgan Fingerprint
morgan_fp_728,0.0,Morgan Fingerprint
morgan_fp_729,0.0,Morgan Fingerprint
morgan_fp_730,0.0,Morgan Fingerprint
morgan_fp_731,0.0,Morgan Fingerprint
morgan_fp_732,0.0,Morgan Fingerprint
morgan_fp_734,0.0,Morgan Fingerprint
morgan_fp_746,0.0,Morgan Fingerprint
morgan_fp_735,0.0,Morgan Fingerprint
morgan_fp_736,0.0,Morgan Fingerprint
morgan_fp_737,0.0,Morgan Fingerprint
morgan_fp_685,0.0,Morgan Fingerprint
morgan_fp_740,0.0,Morgan Fingerprint
morgan_fp_741,0.0,Morgan Fingerprint
morgan_fp_742,0.0,Morgan Fingerprint
morgan_fp_743,0.0,Morgan Fingerprint
morgan_fp_744,0.0,Morgan Fingerprint
morgan_fp_745,0.0,Morgan Fingerprint
morgan_fp_686,0.0,Morgan Fingerprint
morgan_fp_651,0.0,Morgan Fingerprint
morgan_fp_684,0.0,Morgan Fingerprint
morgan_fp_603,0.0,Morgan Fingerprint
morgan_fp_589,0.0,Morgan Fingerprint
morgan_fp_590,0.0,Morgan Fingerprint
morgan_fp_592,0.0,Morgan Fingerprint
morgan_fp_593,0.0,Morgan Fingerprint
morgan_fp_594,0.0,Morgan Fingerprint
morgan_fp_595,0.0,Morgan Fingerprint
morgan_fp_596,0.0,Morgan Fingerprint
morgan_fp_597,0.0,Morgan Fingerprint
morgan_fp_598,0.0,Morgan Fingerprint
morgan_fp_600,0.0,Morgan Fingerprint
morgan_fp_601,0.0,Morgan Fingerprint
morgan_fp_602,0.0,Morgan Fingerprint
morgan_fp_604,0.0,Morgan Fingerprint
morgan_fp_683,0.0,Morgan Fingerprint
morgan_fp_605,0.0,Morgan Fingerprint
morgan_fp_606,0.0,Morgan Fingerprint
morgan_fp_607,0.0,Morgan Fingerprint
morgan_fp_608,0.0,Morgan Fingerprint
morgan_fp_609,0.0,Morgan Fingerprint
morgan_fp_610,0.0,Morgan Fingerprint
morgan_fp_611,0.0,Morgan Fingerprint
morgan_fp_612,0.0,Morgan Fingerprint
morgan_fp_613,0.0,Morgan Fingerprint
morgan_fp_614,0.0,Morgan Fingerprint
morgan_fp_615,0.0,Morgan Fingerprint
morgan_fp_616,0.0,Morgan Fingerprint
morgan_fp_588,0.0,Morgan Fingerprint
morgan_fp_587,0.0,Morgan Fingerprint
morgan_fp_585,0.0,Morgan Fingerprint
morgan_fp_584,0.0,Morgan Fingerprint
morgan_fp_558,0.0,Morgan Fingerprint
morgan_fp_559,0.0,Morgan Fingerprint
morgan_fp_560,0.0,Morgan Fingerprint
morgan_fp_561,0.0,Morgan Fingerprint
morgan_fp_562,0.0,Morgan Fingerprint
morgan_fp_563,0.0,Morgan Fingerprint
morgan_fp_564,0.0,Morgan Fingerprint
morgan_fp_565,0.0,Morgan Fingerprint
morgan_fp_566,0.0,Morgan Fingerprint
morgan_fp_567,0.0,Morgan Fingerprint
morgan_fp_568,0.0,Morgan Fingerprint
morgan_fp_569,0.0,Morgan Fingerprint
morgan_fp_570,0.0,Morgan Fingerprint
morgan_fp_571,0.0,Morgan Fingerprint
morgan_fp_572,0.0,Morgan Fingerprint
morgan_fp_574,0.0,Morgan Fingerprint
morgan_fp_575,0.0,Morgan Fingerprint
morgan_fp_576,0.0,Morgan Fingerprint
morgan_fp_577,0.0,Morgan Fingerprint
morgan_fp_578,0.0,Morgan Fingerprint
morgan_fp_579,0.0,Morgan Fingerprint
morgan_fp_580,0.0,Morgan Fingerprint
morgan_fp_581,0.0,Morgan Fingerprint
morgan_fp_582,0.0,Morgan Fingerprint
morgan_fp_583,0.0,Morgan Fingerprint
morgan_fp_617,0.0,Morgan Fingerprint
morgan_fp_618,0.0,Morgan Fingerprint
morgan_fp_619,0.0,Morgan Fingerprint
morgan_fp_655,0.0,Morgan Fingerprint
morgan_fp_657,0.0,Morgan Fingerprint
morgan_fp_658,0.0,Morgan Fingerprint
morgan_fp_659,0.0,Morgan Fingerprint
morgan_fp_660,0.0,Morgan Fingerprint
morgan_fp_661,0.0,Morgan Fingerprint
morgan_fp_662,0.0,Morgan Fingerprint
morgan_fp_663,0.0,Morgan Fingerprint
morgan_fp_665,0.0,Morgan Fingerprint
morgan_fp_666,0.0,Morgan Fingerprint
morgan_fp_667,0.0,Morgan Fingerprint
morgan_fp_668,0.0,Morgan Fingerprint
morgan_fp_669,0.0,Morgan Fingerprint
morgan_fp_670,0.0,Morgan Fingerprint
morgan_fp_671,0.0,Morgan Fingerprint
morgan_fp_672,0.0,Morgan Fingerprint
morgan_fp_673,0.0,Morgan Fingerprint
morgan_fp_674,0.0,Morgan Fingerprint
morgan_fp_675,0.0,Morgan Fingerprint
morgan_fp_676,0.0,Morgan Fingerprint
morgan_fp_677,0.0,Morgan Fingerprint
morgan_fp_678,0.0,Morgan Fingerprint
morgan_fp_679,0.0,Morgan Fingerprint
morgan_fp_680,0.0,Morgan Fingerprint
morgan_fp_681,0.0,Morgan Fingerprint
morgan_fp_682,0.0,Morgan Fingerprint
morgan_fp_656,0.0,Morgan Fingerprint
morgan_fp_654,0.0,Morgan Fingerprint
morgan_fp_620,0.0,Morgan Fingerprint
morgan_fp_653,0.0,Morgan Fingerprint
morgan_fp_621,0.0,Morgan Fingerprint
morgan_fp_622,0.0,Morgan Fingerprint
morgan_fp_623,0.0,Morgan Fingerprint
morgan_fp_624,0.0,Morgan Fingerprint
morgan_fp_627,0.0,Morgan Fingerprint
morgan_fp_628,0.0,Morgan Fingerprint
morgan_fp_630,0.0,Morgan Fingerprint
morgan_fp_631,0.0,Morgan Fingerprint
morgan_fp_633,0.0,Morgan Fingerprint
morgan_fp_634,0.0,Morgan Fingerprint
morgan_fp_635,0.0,Morgan Fingerprint
morgan_fp_636,0.0,Morgan Fingerprint
morgan_fp_637,0.0,Morgan Fingerprint
morgan_fp_640,0.0,Morgan Fingerprint
morgan_fp_641,0.0,Morgan Fingerprint
morgan_fp_642,0.0,Morgan Fingerprint
morgan_fp_643,0.0,Morgan Fingerprint
morgan_fp_644,0.0,Morgan Fingerprint
morgan_fp_645,0.0,Morgan Fingerprint
morgan_fp_646,0.0,Morgan Fingerprint
morgan_fp_647,0.0,Morgan Fingerprint
morgan_fp_648,0.0,Morgan Fingerprint
morgan_fp_649,0.0,Morgan Fingerprint
morgan_fp_774,0.0,Morgan Fingerprint
morgan_fp_652,0.0,Morgan Fingerprint
morgan_fp_773,0.0,Morgan Fingerprint
morgan_fp_810,0.0,Morgan Fingerprint
morgan_fp_775,0.0,Morgan Fingerprint
morgan_fp_949,0.0,Morgan Fingerprint
morgan_fp_936,0.0,Morgan Fingerprint
morgan_fp_937,0.0,Morgan Fingerprint
morgan_fp_938,0.0,Morgan Fingerprint
morgan_fp_939,0.0,Morgan Fingerprint
morgan_fp_941,0.0,Morgan Fingerprint
morgan_fp_942,0.0,Morgan Fingerprint
morgan_fp_943,0.0,Morgan Fingerprint
morgan_fp_944,0.0,Morgan Fingerprint
morgan_fp_945,0.0,Morgan Fingerprint
morgan_fp_946,0.0,Morgan Fingerprint
morgan_fp_947,0.0,Morgan Fingerprint
morgan_fp_948,0.0,Morgan Fingerprint
morgan_fp_950,0.0,Morgan Fingerprint
morgan_fp_934,0.0,Morgan Fingerprint
morgan_fp_951,0.0,Morgan Fingerprint
morgan_fp_952,0.0,Morgan Fingerprint
morgan_fp_953,0.0,Morgan Fingerprint
morgan_fp_954,0.0,Morgan Fingerprint
morgan_fp_955,0.0,Morgan Fingerprint
morgan_fp_956,0.0,Morgan Fingerprint
morgan_fp_957,0.0,Morgan Fingerprint
morgan_fp_958,0.0,Morgan Fingerprint
morgan_fp_959,0.0,Morgan Fingerprint
morgan_fp_960,0.0,Morgan Fingerprint
morgan_fp_961,0.0,Morgan Fingerprint
morgan_fp_962,0.0,Morgan Fingerprint
morgan_fp_935,0.0,Morgan Fingerprint
morgan_fp_933,0.0,Morgan Fingerprint
morgan_fp_902,0.0,Morgan Fingerprint
morgan_fp_916,0.0,Morgan Fingerprint
morgan_fp_904,0.0,Morgan Fingerprint
morgan_fp_905,0.0,Morgan Fingerprint
morgan_fp_906,0.0,Morgan Fingerprint
morgan_fp_907,0.0,Morgan Fingerprint
morgan_fp_908,0.0,Morgan Fingerprint
morgan_fp_909,0.0,Morgan Fingerprint
morgan_fp_910,0.0,Morgan Fingerprint
morgan_fp_911,0.0,Morgan Fingerprint
morgan_fp_912,0.0,Morgan Fingerprint
morgan_fp_913,0.0,Morgan Fingerprint
morgan_fp_914,0.0,Morgan Fingerprint
morgan_fp_915,0.0,Morgan Fingerprint
morgan_fp_917,0.0,Morgan Fingerprint
morgan_fp_932,0.0,Morgan Fingerprint
morgan_fp_918,0.0,Morgan Fingerprint
morgan_fp_919,0.0,Morgan Fingerprint
morgan_fp_920,0.0,Morgan Fingerprint
morgan_fp_921,0.0,Morgan Fingerprint
morgan_fp_922,0.0,Morgan Fingerprint
morgan_fp_923,0.0,Morgan Fingerprint
morgan_fp_925,0.0,Morgan Fingerprint
morgan_fp_927,0.0,Morgan Fingerprint
morgan_fp_928,0.0,Morgan Fingerprint
morgan_fp_929,0.0,Morgan Fingerprint
morgan_fp_930,0.0,Morgan Fingerprint
morgan_fp_931,0.0,Morgan Fingerprint
morgan_fp_963,0.0,Morgan Fingerprint
morgan_fp_964,0.0,Morgan Fingerprint
morgan_fp_965,0.0,Morgan Fingerprint
morgan_fp_1012,0.0,Morgan Fingerprint
morgan_fp_999,0.0,Morgan Fingerprint
morgan_fp_1000,0.0,Morgan Fingerprint
morgan_fp_1001,0.0,Morgan Fingerprint
morgan_fp_1002,0.0,Morgan Fingerprint
morgan_fp_1003,0.0,Morgan Fingerprint
morgan_fp_1004,0.0,Morgan Fingerprint
morgan_fp_1005,0.0,Morgan Fingerprint
morgan_fp_1006,0.0,Morgan Fingerprint
morgan_fp_1007,0.0,Morgan Fingerprint
morgan_fp_1008,0.0,Morgan Fingerprint
morgan_fp_1009,0.0,Morgan Fingerprint
morgan_fp_1010,0.0,Morgan Fingerprint
morgan_fp_1013,0.0,Morgan Fingerprint
morgan_fp_966,0.0,Morgan Fingerprint
morgan_fp_1015,0.0,Morgan Fingerprint
morgan_fp_1016,0.0,Morgan Fingerprint
morgan_fp_1017,0.0,Morgan Fingerprint
morgan_fp_1018,0.0,Morgan Fingerprint
morgan_fp_1020,0.0,Morgan Fingerprint
morgan_fp_1021,0.0,Morgan Fingerprint
morgan_fp_1022,0.0,Morgan Fingerprint
morgan_fp_1023,0.0,Morgan Fingerprint
NHOH,0.0,Node Feature
arch_alternating,0.0,Architecture
arch_block,0.0,Architecture
stereo_unknown,0.0,Stereochemistry
morgan_fp_998,0.0,Morgan Fingerprint
morgan_fp_997,0.0,Morgan Fingerprint
morgan_fp_996,0.0,Morgan Fingerprint
morgan_fp_995,0.0,Morgan Fingerprint
morgan_fp_968,0.0,Morgan Fingerprint
morgan_fp_970,0.0,Morgan Fingerprint
morgan_fp_971,0.0,Morgan Fingerprint
morgan_fp_972,0.0,Morgan Fingerprint
morgan_fp_973,0.0,Morgan Fingerprint
morgan_fp_974,0.0,Morgan Fingerprint
morgan_fp_975,0.0,Morgan Fingerprint
morgan_fp_977,0.0,Morgan Fingerprint
morgan_fp_978,0.0,Morgan Fingerprint
morgan_fp_979,0.0,Morgan Fingerprint
morgan_fp_980,0.0,Morgan Fingerprint
morgan_fp_981,0.0,Morgan Fingerprint
morgan_fp_982,0.0,Morgan Fingerprint
morgan_fp_983,0.0,Morgan Fingerprint
morgan_fp_984,0.0,Morgan Fingerprint
morgan_fp_985,0.0,Morgan Fingerprint
morgan_fp_986,0.0,Morgan Fingerprint
morgan_fp_987,0.0,Morgan Fingerprint
morgan_fp_988,0.0,Morgan Fingerprint
morgan_fp_989,0.0,Morgan Fingerprint
morgan_fp_990,0.0,Morgan Fingerprint
morgan_fp_991,0.0,Morgan Fingerprint
morgan_fp_992,0.0,Morgan Fingerprint
morgan_fp_993,0.0,Morgan Fingerprint
morgan_fp_994,0.0,Morgan Fingerprint
morgan_fp_903,0.0,Morgan Fingerprint
morgan_fp_901,0.0,Morgan Fingerprint
morgan_fp_776,0.0,Morgan Fingerprint
morgan_fp_822,0.0,Morgan Fingerprint
morgan_fp_555,0.0,Morgan Fingerprint
morgan_fp_811,0.0,Morgan Fingerprint
morgan_fp_812,0.0,Morgan Fingerprint
morgan_fp_813,0.0,Morgan Fingerprint
morgan_fp_814,0.0,Morgan Fingerprint
morgan_fp_815,0.0,Morgan Fingerprint
morgan_fp_816,0.0,Morgan Fingerprint
morgan_fp_817,0.0,Morgan Fingerprint
morgan_fp_818,0.0,Morgan Fingerprint
morgan_fp_819,0.0,Morgan Fingerprint
morgan_fp_820,0.0,Morgan Fingerprint
morgan_fp_821,0.0,Morgan Fingerprint
morgan_fp_824,0.0,Morgan Fingerprint
morgan_fp_808,0.0,Morgan Fingerprint
morgan_fp_825,0.0,Morgan Fingerprint
morgan_fp_826,0.0,Morgan Fingerprint
morgan_fp_827,0.0,Morgan Fingerprint
morgan_fp_828,0.0,Morgan Fingerprint
morgan_fp_829,0.0,Morgan Fingerprint
morgan_fp_830,0.0,Morgan Fingerprint
morgan_fp_831,0.0,Morgan Fingerprint
morgan_fp_832,0.0,Morgan Fingerprint
morgan_fp_833,0.0,Morgan Fingerprint
morgan_fp_834,0.0,Morgan Fingerprint
morgan_fp_835,0.0,Morgan Fingerprint
morgan_fp_836,0.0,Morgan Fingerprint
morgan_fp_809,0.0,Morgan Fingerprint
morgan_fp_806,0.0,Morgan Fingerprint
morgan_fp_900,0.0,Morgan Fingerprint
morgan_fp_790,0.0,Morgan Fingerprint
morgan_fp_778,0.0,Morgan Fingerprint
morgan_fp_779,0.0,Morgan Fingerprint
morgan_fp_780,0.0,Morgan Fingerprint
morgan_fp_781,0.0,Morgan Fingerprint
morgan_fp_782,0.0,Morgan Fingerprint
morgan_fp_783,0.0,Morgan Fingerprint
morgan_fp_784,0.0,Morgan Fingerprint
morgan_fp_785,0.0,Morgan Fingerprint
morgan_fp_786,0.0,Morgan Fingerprint
morgan_fp_787,0.0,Morgan Fingerprint
morgan_fp_788,0.0,Morgan Fingerprint
morgan_fp_789,0.0,Morgan Fingerprint
morgan_fp_791,0.0,Morgan Fingerprint
morgan_fp_805,0.0,Morgan Fingerprint
morgan_fp_792,0.0,Morgan Fingerprint
morgan_fp_793,0.0,Morgan Fingerprint
morgan_fp_795,0.0,Morgan Fingerprint
morgan_fp_796,0.0,Morgan Fingerprint
morgan_fp_797,0.0,Morgan Fingerprint
morgan_fp_798,0.0,Morgan Fingerprint
morgan_fp_799,0.0,Morgan Fingerprint
morgan_fp_800,0.0,Morgan Fingerprint
morgan_fp_801,0.0,Morgan Fingerprint
morgan_fp_802,0.0,Morgan Fingerprint
morgan_fp_803,0.0,Morgan Fingerprint
morgan_fp_804,0.0,Morgan Fingerprint
morgan_fp_837,0.0,Morgan Fingerprint
morgan_fp_838,0.0,Morgan Fingerprint
morgan_fp_839,0.0,Morgan Fingerprint
morgan_fp_884,0.0,Morgan Fingerprint
morgan_fp_871,0.0,Morgan Fingerprint
morgan_fp_872,0.0,Morgan Fingerprint
morgan_fp_873,0.0,Morgan Fingerprint
morgan_fp_874,0.0,Morgan Fingerprint
morgan_fp_876,0.0,Morgan Fingerprint
morgan_fp_877,0.0,Morgan Fingerprint
morgan_fp_878,0.0,Morgan Fingerprint
morgan_fp_879,0.0,Morgan Fingerprint
morgan_fp_880,0.0,Morgan Fingerprint
morgan_fp_881,0.0,Morgan Fingerprint
morgan_fp_882,0.0,Morgan Fingerprint
morgan_fp_883,0.0,Morgan Fingerprint
morgan_fp_885,0.0,Morgan Fingerprint
morgan_fp_840,0.0,Morgan Fingerprint
morgan_fp_886,0.0,Morgan Fingerprint
morgan_fp_888,0.0,Morgan Fingerprint
morgan_fp_889,0.0,Morgan Fingerprint
morgan_fp_891,0.0,Morgan Fingerprint
morgan_fp_892,0.0,Morgan Fingerprint
morgan_fp_893,0.0,Morgan Fingerprint
morgan_fp_894,0.0,Morgan Fingerprint
morgan_fp_895,0.0,Morgan Fingerprint
morgan_fp_896,0.0,Morgan Fingerprint
morgan_fp_897,0.0,Morgan Fingerprint
morgan_fp_898,0.0,Morgan Fingerprint
morgan_fp_899,0.0,Morgan Fingerprint
morgan_fp_870,0.0,Morgan Fingerprint
morgan_fp_869,0.0,Morgan Fingerprint
morgan_fp_868,0.0,Morgan Fingerprint
morgan_fp_867,0.0,Morgan Fingerprint
morgan_fp_842,0.0,Morgan Fingerprint
morgan_fp_843,0.0,Morgan Fingerprint
morgan_fp_844,0.0,Morgan Fingerprint
morgan_fp_845,0.0,Morgan Fingerprint
morgan_fp_846,0.0,Morgan Fingerprint
morgan_fp_847,0.0,Morgan Fingerprint
morgan_fp_848,0.0,Morgan Fingerprint
morgan_fp_849,0.0,Morgan Fingerprint
morgan_fp_850,0.0,Morgan Fingerprint
morgan_fp_851,0.0,Morgan Fingerprint
morgan_fp_852,0.0,Morgan Fingerprint
morgan_fp_853,0.0,Morgan Fingerprint
morgan_fp_854,0.0,Morgan Fingerprint
morgan_fp_855,0.0,Morgan Fingerprint
morgan_fp_856,0.0,Morgan Fingerprint
morgan_fp_857,0.0,Morgan Fingerprint
morgan_fp_858,0.0,Morgan Fingerprint
morgan_fp_859,0.0,Morgan Fingerprint
morgan_fp_860,0.0,Morgan Fingerprint
morgan_fp_861,0.0,Morgan Fingerprint
morgan_fp_862,0.0,Morgan Fingerprint
morgan_fp_863,0.0,Morgan Fingerprint
morgan_fp_864,0.0,Morgan Fingerprint
morgan_fp_865,0.0,Morgan Fingerprint
morgan_fp_866,0.0,Morgan Fingerprint
morgan_fp_556,0.0,Morgan Fingerprint
morgan_fp_0,0.0,Morgan Fingerprint
morgan_fp_554,0.0,Morgan Fingerprint
morgan_fp_193,0.0,Morgan Fingerprint
morgan_fp_180,0.0,Morgan Fingerprint
morgan_fp_181,0.0,Morgan Fingerprint
morgan_fp_182,0.0,Morgan Fingerprint
morgan_fp_183,0.0,Morgan Fingerprint
morgan_fp_184,0.0,Morgan Fingerprint
morgan_fp_185,0.0,Morgan Fingerprint
morgan_fp_186,0.0,Morgan Fingerprint
morgan_fp_187,0.0,Morgan Fingerprint
morgan_fp_188,0.0,Morgan Fingerprint
morgan_fp_189,0.0,Morgan Fingerprint
morgan_fp_190,0.0,Morgan Fingerprint
morgan_fp_191,0.0,Morgan Fingerprint
morgan_fp_192,0.0,Morgan Fingerprint
morgan_fp_194,0.0,Morgan Fingerprint
morgan_fp_211,0.0,Morgan Fingerprint
morgan_fp_195,0.0,Morgan Fingerprint
morgan_fp_196,0.0,Morgan Fingerprint
morgan_fp_198,0.0,Morgan Fingerprint
morgan_fp_199,0.0,Morgan Fingerprint
morgan_fp_200,0.0,Morgan Fingerprint
morgan_fp_201,0.0,Morgan Fingerprint
morgan_fp_202,0.0,Morgan Fingerprint
morgan_fp_203,0.0,Morgan Fingerprint
morgan_fp_204,0.0,Morgan Fingerprint
morgan_fp_205,0.0,Morgan Fingerprint
morgan_fp_206,0.0,Morgan Fingerprint
morgan_fp_208,0.0,Morgan Fingerprint
morgan_fp_209,0.0,Morgan Fingerprint
morgan_fp_179,0.0,Morgan Fingerprint
morgan_fp_178,0.0,Morgan Fingerprint
morgan_fp_177,0.0,Morgan Fingerprint
morgan_fp_174,0.0,Morgan Fingerprint
morgan_fp_143,0.0,Morgan Fingerprint
morgan_fp_144,0.0,Morgan Fingerprint
morgan_fp_146,0.0,Morgan Fingerprint
morgan_fp_148,0.0,Morgan Fingerprint
morgan_fp_149,0.0,Morgan Fingerprint
morgan_fp_151,0.0,Morgan Fingerprint
morgan_fp_152,0.0,Morgan Fingerprint
morgan_fp_153,0.0,Morgan Fingerprint
morgan_fp_154,0.0,Morgan Fingerprint
morgan_fp_155,0.0,Morgan Fingerprint
morgan_fp_156,0.0,Morgan Fingerprint
morgan_fp_157,0.0,Morgan Fingerprint
morgan_fp_158,0.0,Morgan Fingerprint
morgan_fp_159,0.0,Morgan Fingerprint
morgan_fp_160,0.0,Morgan Fingerprint
morgan_fp_161,0.0,Morgan Fingerprint
morgan_fp_162,0.0,Morgan Fingerprint
morgan_fp_163,0.0,Morgan Fingerprint
morgan_fp_164,0.0,Morgan Fingerprint
morgan_fp_165,0.0,Morgan Fingerprint
morgan_fp_166,0.0,Morgan Fingerprint
morgan_fp_167,0.0,Morgan Fingerprint
morgan_fp_168,0.0,Morgan Fingerprint
morgan_fp_169,0.0,Morgan Fingerprint
morgan_fp_171,0.0,Morgan Fingerprint
morgan_fp_172,0.0,Morgan Fingerprint
morgan_fp_173,0.0,Morgan Fingerprint
morgan_fp_210,0.0,Morgan Fingerprint
morgan_fp_212,0.0,Morgan Fingerprint
morgan_fp_281,0.0,Morgan Fingerprint
morgan_fp_262,0.0,Morgan Fingerprint
morgan_fp_245,0.0,Morgan Fingerprint
morgan_fp_246,0.0,Morgan Fingerprint
morgan_fp_248,0.0,Morgan Fingerprint
morgan_fp_250,0.0,Morgan Fingerprint
morgan_fp_251,0.0,Morgan Fingerprint
morgan_fp_252,0.0,Morgan Fingerprint
morgan_fp_253,0.0,Morgan Fingerprint
morgan_fp_254,0.0,Morgan Fingerprint
morgan_fp_255,0.0,Morgan Fingerprint
morgan_fp_256,0.0,Morgan Fingerprint
morgan_fp_257,0.0,Morgan Fingerprint
morgan_fp_258,0.0,Morgan Fingerprint
morgan_fp_260,0.0,Morgan Fingerprint
morgan_fp_263,0.0,Morgan Fingerprint
morgan_fp_213,0.0,Morgan Fingerprint
morgan_fp_265,0.0,Morgan Fingerprint
morgan_fp_267,0.0,Morgan Fingerprint
morgan_fp_268,0.0,Morgan Fingerprint
morgan_fp_269,0.0,Morgan Fingerprint
morgan_fp_270,0.0,Morgan Fingerprint
morgan_fp_272,0.0,Morgan Fingerprint
morgan_fp_273,0.0,Morgan Fingerprint
morgan_fp_274,0.0,Morgan Fingerprint
morgan_fp_275,0.0,Morgan Fingerprint
morgan_fp_276,0.0,Morgan Fingerprint
morgan_fp_277,0.0,Morgan Fingerprint
morgan_fp_278,0.0,Morgan Fingerprint
morgan_fp_279,0.0,Morgan Fingerprint
morgan_fp_244,0.0,Morgan Fingerprint
morgan_fp_243,0.0,Morgan Fingerprint
morgan_fp_242,0.0,Morgan Fingerprint
morgan_fp_241,0.0,Morgan Fingerprint
morgan_fp_214,0.0,Morgan Fingerprint
morgan_fp_215,0.0,Morgan Fingerprint
morgan_fp_216,0.0,Morgan Fingerprint
morgan_fp_217,0.0,Morgan Fingerprint
morgan_fp_218,0.0,Morgan Fingerprint
morgan_fp_219,0.0,Morgan Fingerprint
morgan_fp_220,0.0,Morgan Fingerprint
morgan_fp_221,0.0,Morgan Fingerprint
morgan_fp_222,0.0,Morgan Fingerprint
morgan_fp_223,0.0,Morgan Fingerprint
morgan_fp_224,0.0,Morgan Fingerprint
morgan_fp_225,0.0,Morgan Fingerprint
morgan_fp_226,0.0,Morgan Fingerprint
morgan_fp_227,0.0,Morgan Fingerprint
morgan_fp_228,0.0,Morgan Fingerprint
morgan_fp_229,0.0,Morgan Fingerprint
morgan_fp_230,0.0,Morgan Fingerprint
morgan_fp_231,0.0,Morgan Fingerprint
morgan_fp_232,0.0,Morgan Fingerprint
morgan_fp_233,0.0,Morgan Fingerprint
morgan_fp_234,0.0,Morgan Fingerprint
morgan_fp_235,0.0,Morgan Fingerprint
morgan_fp_236,0.0,Morgan Fingerprint
morgan_fp_237,0.0,Morgan Fingerprint
morgan_fp_238,0.0,Morgan Fingerprint
morgan_fp_239,0.0,Morgan Fingerprint
morgan_fp_240,0.0,Morgan Fingerprint
morgan_fp_142,0.0,Morgan Fingerprint
morgan_fp_141,0.0,Morgan Fingerprint
morgan_fp_140,0.0,Morgan Fingerprint
morgan_fp_54,0.0,Morgan Fingerprint
morgan_fp_40,0.0,Morgan Fingerprint
morgan_fp_41,0.0,Morgan Fingerprint
morgan_fp_43,0.0,Morgan Fingerprint
morgan_fp_44,0.0,Morgan Fingerprint
morgan_fp_45,0.0,Morgan Fingerprint
morgan_fp_46,0.0,Morgan Fingerprint
morgan_fp_47,0.0,Morgan Fingerprint
morgan_fp_48,0.0,Morgan Fingerprint
morgan_fp_49,0.0,Morgan Fingerprint
morgan_fp_50,0.0,Morgan Fingerprint
morgan_fp_51,0.0,Morgan Fingerprint
morgan_fp_52,0.0,Morgan Fingerprint
morgan_fp_53,0.0,Morgan Fingerprint
morgan_fp_55,0.0,Morgan Fingerprint
morgan_fp_139,0.0,Morgan Fingerprint
morgan_fp_56,0.0,Morgan Fingerprint
morgan_fp_57,0.0,Morgan Fingerprint
morgan_fp_58,0.0,Morgan Fingerprint
morgan_fp_59,0.0,Morgan Fingerprint
morgan_fp_60,0.0,Morgan Fingerprint
morgan_fp_61,0.0,Morgan Fingerprint
morgan_fp_62,0.0,Morgan Fingerprint
morgan_fp_63,0.0,Morgan Fingerprint
morgan_fp_65,0.0,Morgan Fingerprint
morgan_fp_66,0.0,Morgan Fingerprint
morgan_fp_67,0.0,Morgan Fingerprint
morgan_fp_68,0.0,Morgan Fingerprint
morgan_fp_69,0.0,Morgan Fingerprint
morgan_fp_39,0.0,Morgan Fingerprint
morgan_fp_38,0.0,Morgan Fingerprint
morgan_fp_37,0.0,Morgan Fingerprint
morgan_fp_36,0.0,Morgan Fingerprint
morgan_fp_2,0.0,Morgan Fingerprint
morgan_fp_4,0.0,Morgan Fingerprint
morgan_fp_5,0.0,Morgan Fingerprint
morgan_fp_7,0.0,Morgan Fingerprint
morgan_fp_8,0.0,Morgan Fingerprint
morgan_fp_9,0.0,Morgan Fingerprint
morgan_fp_12,0.0,Morgan Fingerprint
morgan_fp_14,0.0,Morgan Fingerprint
morgan_fp_15,0.0,Morgan Fingerprint
morgan_fp_16,0.0,Morgan Fingerprint
morgan_fp_17,0.0,Morgan Fingerprint
morgan_fp_18,0.0,Morgan Fingerprint
morgan_fp_19,0.0,Morgan Fingerprint
morgan_fp_20,0.0,Morgan Fingerprint
morgan_fp_21,0.0,Morgan Fingerprint
morgan_fp_22,0.0,Morgan Fingerprint
morgan_fp_23,0.0,Morgan Fingerprint
morgan_fp_24,0.0,Morgan Fingerprint
morgan_fp_25,0.0,Morgan Fingerprint
morgan_fp_26,0.0,Morgan Fingerprint
morgan_fp_27,0.0,Morgan Fingerprint
morgan_fp_28,0.0,Morgan Fingerprint
morgan_fp_29,0.0,Morgan Fingerprint
morgan_fp_30,0.0,Morgan Fingerprint
morgan_fp_31,0.0,Morgan Fingerprint
morgan_fp_34,0.0,Morgan Fingerprint
morgan_fp_35,0.0,Morgan Fingerprint
morgan_fp_70,0.0,Morgan Fingerprint
morgan_fp_71,0.0,Morgan Fingerprint
morgan_fp_72,0.0,Morgan Fingerprint
morgan_fp_105,0.0,Morgan Fingerprint
morgan_fp_107,0.0,Morgan Fingerprint
morgan_fp_108,0.0,Morgan Fingerprint
morgan_fp_109,0.0,Morgan Fingerprint
morgan_fp_110,0.0,Morgan Fingerprint
morgan_fp_111,0.0,Morgan Fingerprint
morgan_fp_112,0.0,Morgan Fingerprint
morgan_fp_113,0.0,Morgan Fingerprint
morgan_fp_115,0.0,Morgan Fingerprint
morgan_fp_116,0.0,Morgan Fingerprint
morgan_fp_117,0.0,Morgan Fingerprint
morgan_fp_118,0.0,Morgan Fingerprint
morgan_fp_120,0.0,Morgan Fingerprint
morgan_fp_121,0.0,Morgan Fingerprint
morgan_fp_122,0.0,Morgan Fingerprint
morgan_fp_123,0.0,Morgan Fingerprint
morgan_fp_124,0.0,Morgan Fingerprint
morgan_fp_126,0.0,Morgan Fingerprint
morgan_fp_127,0.0,Morgan Fingerprint
morgan_fp_129,0.0,Morgan Fingerprint
morgan_fp_130,0.0,Morgan Fingerprint
morgan_fp_131,0.0,Morgan Fingerprint
morgan_fp_133,0.0,Morgan Fingerprint
morgan_fp_134,0.0,Morgan Fingerprint
morgan_fp_135,0.0,Morgan Fingerprint
morgan_fp_136,0.0,Morgan Fingerprint
morgan_fp_137,0.0,Morgan Fingerprint
morgan_fp_138,0.0,Morgan Fingerprint
morgan_fp_106,0.0,Morgan Fingerprint
morgan_fp_104,0.0,Morgan Fingerprint
morgan_fp_73,0.0,Morgan Fingerprint
morgan_fp_103,0.0,Morgan Fingerprint
morgan_fp_74,0.0,Morgan Fingerprint
morgan_fp_75,0.0,Morgan Fingerprint
morgan_fp_76,0.0,Morgan Fingerprint
morgan_fp_77,0.0,Morgan Fingerprint
morgan_fp_78,0.0,Morgan Fingerprint
morgan_fp_81,0.0,Morgan Fingerprint
morgan_fp_82,0.0,Morgan Fingerprint
morgan_fp_83,0.0,Morgan Fingerprint
morgan_fp_84,0.0,Morgan Fingerprint
morgan_fp_85,0.0,Morgan Fingerprint
morgan_fp_86,0.0,Morgan Fingerprint
morgan_fp_87,0.0,Morgan Fingerprint
morgan_fp_88,0.0,Morgan Fingerprint
morgan_fp_89,0.0,Morgan Fingerprint
morgan_fp_90,0.0,Morgan Fingerprint
morgan_fp_91,0.0,Morgan Fingerprint
morgan_fp_92,0.0,Morgan Fingerprint
morgan_fp_93,0.0,Morgan Fingerprint
morgan_fp_94,0.0,Morgan Fingerprint
morgan_fp_95,0.0,Morgan Fingerprint
morgan_fp_96,0.0,Morgan Fingerprint
morgan_fp_97,0.0,Morgan Fingerprint
morgan_fp_98,0.0,Morgan Fingerprint
morgan_fp_99,0.0,Morgan Fingerprint
morgan_fp_100,0.0,Morgan Fingerprint
morgan_fp_101,0.0,Morgan Fingerprint
morgan_fp_102,0.0,Morgan Fingerprint
morgan_fp_280,0.0,Morgan Fingerprint
morgan_fp_282,0.0,Morgan Fingerprint
morgan_fp_553,0.0,Morgan Fingerprint
morgan_fp_469,0.0,Morgan Fingerprint
morgan_fp_456,0.0,Morgan Fingerprint
morgan_fp_457,0.0,Morgan Fingerprint
morgan_fp_458,0.0,Morgan Fingerprint
morgan_fp_459,0.0,Morgan Fingerprint
morgan_fp_460,0.0,Morgan Fingerprint
morgan_fp_461,0.0,Morgan Fingerprint
morgan_fp_462,0.0,Morgan Fingerprint
morgan_fp_463,0.0,Morgan Fingerprint
morgan_fp_464,0.0,Morgan Fingerprint
morgan_fp_465,0.0,Morgan Fingerprint
morgan_fp_466,0.0,Morgan Fingerprint
morgan_fp_467,0.0,Morgan Fingerprint
morgan_fp_468,0.0,Morgan Fingerprint
morgan_fp_470,0.0,Morgan Fingerprint
morgan_fp_486,0.0,Morgan Fingerprint
morgan_fp_471,0.0,Morgan Fingerprint
morgan_fp_472,0.0,Morgan Fingerprint
morgan_fp_473,0.0,Morgan Fingerprint
morgan_fp_474,0.0,Morgan Fingerprint
morgan_fp_475,0.0,Morgan Fingerprint
morgan_fp_476,0.0,Morgan Fingerprint
morgan_fp_477,0.0,Morgan Fingerprint
morgan_fp_478,0.0,Morgan Fingerprint
morgan_fp_479,0.0,Morgan Fingerprint
morgan_fp_480,0.0,Morgan Fingerprint
morgan_fp_481,0.0,Morgan Fingerprint
morgan_fp_482,0.0,Morgan Fingerprint
morgan_fp_484,0.0,Morgan Fingerprint
morgan_fp_455,0.0,Morgan Fingerprint
morgan_fp_454,0.0,Morgan Fingerprint
morgan_fp_453,0.0,Morgan Fingerprint
morgan_fp_451,0.0,Morgan Fingerprint
morgan_fp_422,0.0,Morgan Fingerprint
morgan_fp_424,0.0,Morgan Fingerprint
morgan_fp_425,0.0,Morgan Fingerprint
morgan_fp_426,0.0,Morgan Fingerprint
morgan_fp_427,0.0,Morgan Fingerprint
morgan_fp_428,0.0,Morgan Fingerprint
morgan_fp_430,0.0,Morgan Fingerprint
morgan_fp_431,0.0,Morgan Fingerprint
morgan_fp_432,0.0,Morgan Fingerprint
morgan_fp_433,0.0,Morgan Fingerprint
morgan_fp_434,0.0,Morgan Fingerprint
morgan_fp_435,0.0,Morgan Fingerprint
morgan_fp_436,0.0,Morgan Fingerprint
morgan_fp_437,0.0,Morgan Fingerprint
morgan_fp_438,0.0,Morgan Fingerprint
morgan_fp_439,0.0,Morgan Fingerprint
morgan_fp_440,0.0,Morgan Fingerprint
morgan_fp_441,0.0,Morgan Fingerprint
morgan_fp_442,0.0,Morgan Fingerprint
morgan_fp_443,0.0,Morgan Fingerprint
morgan_fp_444,0.0,Morgan Fingerprint
morgan_fp_445,0.0,Morgan Fingerprint
morgan_fp_446,0.0,Morgan Fingerprint
morgan_fp_447,0.0,Morgan Fingerprint
morgan_fp_448,0.0,Morgan Fingerprint
morgan_fp_449,0.0,Morgan Fingerprint
morgan_fp_450,0.0,Morgan Fingerprint
morgan_fp_485,0.0,Morgan Fingerprint
morgan_fp_487,0.0,Morgan Fingerprint
morgan_fp_285,0.0,Morgan Fingerprint
morgan_fp_537,0.0,Morgan Fingerprint
morgan_fp_523,0.0,Morgan Fingerprint
morgan_fp_524,0.0,Morgan Fingerprint
morgan_fp_525,0.0,Morgan Fingerprint
morgan_fp_526,0.0,Morgan Fingerprint
morgan_fp_527,0.0,Morgan Fingerprint
morgan_fp_529,0.0,Morgan Fingerprint
morgan_fp_530,0.0,Morgan Fingerprint
morgan_fp_531,0.0,Morgan Fingerprint
morgan_fp_532,0.0,Morgan Fingerprint
morgan_fp_533,0.0,Morgan Fingerprint
morgan_fp_534,0.0,Morgan Fingerprint
morgan_fp_535,0.0,Morgan Fingerprint
morgan_fp_536,0.0,Morgan Fingerprint
morgan_fp_538,0.0,Morgan Fingerprint
morgan_fp_488,0.0,Morgan Fingerprint
morgan_fp_539,0.0,Morgan Fingerprint
morgan_fp_541,0.0,Morgan Fingerprint
morgan_fp_542,0.0,Morgan Fingerprint
morgan_fp_543,0.0,Morgan Fingerprint
morgan_fp_544,0.0,Morgan Fingerprint
morgan_fp_545,0.0,Morgan Fingerprint
morgan_fp_546,0.0,Morgan Fingerprint
morgan_fp_547,0.0,Morgan Fingerprint
morgan_fp_548,0.0,Morgan Fingerprint
morgan_fp_549,0.0,Morgan Fingerprint
morgan_fp_550,0.0,Morgan Fingerprint
morgan_fp_551,0.0,Morgan Fingerprint
morgan_fp_552,0.0,Morgan Fingerprint
morgan_fp_522,0.0,Morgan Fingerprint
morgan_fp_521,0.0,Morgan Fingerprint
morgan_fp_520,0.0,Morgan Fingerprint
morgan_fp_519,0.0,Morgan Fingerprint
morgan_fp_489,0.0,Morgan Fingerprint
morgan_fp_490,0.0,Morgan Fingerprint
morgan_fp_491,0.0,Morgan Fingerprint
morgan_fp_492,0.0,Morgan Fingerprint
morgan_fp_493,0.0,Morgan Fingerprint
morgan_fp_494,0.0,Morgan Fingerprint
morgan_fp_495,0.0,Morgan Fingerprint
morgan_fp_496,0.0,Morgan Fingerprint
morgan_fp_497,0.0,Morgan Fingerprint
morgan_fp_498,0.0,Morgan Fingerprint
morgan_fp_499,0.0,Morgan Fingerprint
morgan_fp_500,0.0,Morgan Fingerprint
morgan_fp_502,0.0,Morgan Fingerprint
morgan_fp_503,0.0,Morgan Fingerprint
morgan_fp_504,0.0,Morgan Fingerprint
morgan_fp_505,0.0,Morgan Fingerprint
morgan_fp_506,0.0,Morgan Fingerprint
morgan_fp_507,0.0,Morgan Fingerprint
morgan_fp_508,0.0,Morgan Fingerprint
morgan_fp_509,0.0,Morgan Fingerprint
morgan_fp_510,0.0,Morgan Fingerprint
morgan_fp_511,0.0,Morgan Fingerprint
morgan_fp_513,0.0,Morgan Fingerprint
morgan_fp_514,0.0,Morgan Fingerprint
morgan_fp_515,0.0,Morgan Fingerprint
morgan_fp_516,0.0,Morgan Fingerprint
morgan_fp_517,0.0,Morgan Fingerprint
morgan_fp_421,0.0,Morgan Fingerprint
morgan_fp_420,0.0,Morgan Fingerprint
morgan_fp_419,0.0,Morgan Fingerprint
morgan_fp_332,0.0,Morgan Fingerprint
morgan_fp_318,0.0,Morgan Fingerprint
morgan_fp_319,0.0,Morgan Fingerprint
morgan_fp_320,0.0,Morgan Fingerprint
morgan_fp_321,0.0,Morgan Fingerprint
morgan_fp_322,0.0,Morgan Fingerprint
morgan_fp_324,0.0,Morgan Fingerprint
morgan_fp_325,0.0,Morgan Fingerprint
morgan_fp_326,0.0,Morgan Fingerprint
morgan_fp_327,0.0,Morgan Fingerprint
morgan_fp_328,0.0,Morgan Fingerprint
morgan_fp_329,0.0,Morgan Fingerprint
morgan_fp_330,0.0,Morgan Fingerprint
morgan_fp_331,0.0,Morgan Fingerprint
morgan_fp_333,0.0,Morgan Fingerprint
morgan_fp_418,0.0,Morgan Fingerprint
morgan_fp_334,0.0,Morgan Fingerprint
morgan_fp_335,0.0,Morgan Fingerprint
morgan_fp_336,0.0,Morgan Fingerprint
morgan_fp_337,0.0,Morgan Fingerprint
morgan_fp_338,0.0,Morgan Fingerprint
morgan_fp_340,0.0,Morgan Fingerprint
morgan_fp_342,0.0,Morgan Fingerprint
morgan_fp_343,0.0,Morgan Fingerprint
morgan_fp_344,0.0,Morgan Fingerprint
morgan_fp_345,0.0,Morgan Fingerprint
morgan_fp_346,0.0,Morgan Fingerprint
morgan_fp_347,0.0,Morgan Fingerprint
morgan_fp_348,0.0,Morgan Fingerprint
morgan_fp_317,0.0,Morgan Fingerprint
morgan_fp_316,0.0,Morgan Fingerprint
morgan_fp_315,0.0,Morgan Fingerprint
morgan_fp_314,0.0,Morgan Fingerprint
morgan_fp_286,0.0,Morgan Fingerprint
morgan_fp_287,0.0,Morgan Fingerprint
morgan_fp_288,0.0,Morgan Fingerprint
morgan_fp_289,0.0,Morgan Fingerprint
morgan_fp_290,0.0,Morgan Fingerprint
morgan_fp_291,0.0,Morgan Fingerprint
morgan_fp_292,0.0,Morgan Fingerprint
morgan_fp_293,0.0,Morgan Fingerprint
morgan_fp_295,0.0,Morgan Fingerprint
morgan_fp_296,0.0,Morgan Fingerprint
morgan_fp_297,0.0,Morgan Fingerprint
morgan_fp_298,0.0,Morgan Fingerprint
morgan_fp_299,0.0,Morgan Fingerprint
morgan_fp_300,0.0,Morgan Fingerprint
morgan_fp_301,0.0,Morgan Fingerprint
morgan_fp_302,0.0,Morgan Fingerprint
morgan_fp_303,0.0,Morgan Fingerprint
morgan_fp_304,0.0,Morgan Fingerprint
morgan_fp_305,0.0,Morgan Fingerprint
morgan_fp_306,0.0,Morgan Fingerprint
morgan_fp_307,0.0,Morgan Fingerprint
morgan_fp_308,0.0,Morgan Fingerprint
morgan_fp_309,0.0,Morgan Fingerprint
morgan_fp_310,0.0,Morgan Fingerprint
morgan_fp_311,0.0,Morgan Fingerprint
morgan_fp_312,0.0,Morgan Fingerprint
morgan_fp_313,0.0,Morgan Fingerprint
morgan_fp_349,0.0,Morgan Fingerprint
morgan_fp_350,0.0,Morgan Fingerprint
morgan_fp_351,0.0,Morgan Fingerprint
morgan_fp_387,0.0,Morgan Fingerprint
morgan_fp_390,0.0,Morgan Fingerprint
morgan_fp_391,0.0,Morgan Fingerprint
morgan_fp_392,0.0,Morgan Fingerprint
morgan_fp_393,0.0,Morgan Fingerprint
morgan_fp_394,0.0,Morgan Fingerprint
morgan_fp_395,0.0,Morgan Fingerprint
morgan_fp_396,0.0,Morgan Fingerprint
morgan_fp_397,0.0,Morgan Fingerprint
morgan_fp_398,0.0,Morgan Fingerprint
morgan_fp_399,0.0,Morgan Fingerprint
morgan_fp_400,0.0,Morgan Fingerprint
morgan_fp_401,0.0,Morgan Fingerprint
morgan_fp_402,0.0,Morgan Fingerprint
morgan_fp_403,0.0,Morgan Fingerprint
morgan_fp_404,0.0,Morgan Fingerprint
morgan_fp_405,0.0,Morgan Fingerprint
morgan_fp_406,0.0,Morgan Fingerprint
morgan_fp_408,0.0,Morgan Fingerprint
morgan_fp_409,0.0,Morgan Fingerprint
morgan_fp_410,0.0,Morgan Fingerprint
morgan_fp_411,0.0,Morgan Fingerprint
morgan_fp_412,0.0,Morgan Fingerprint
morgan_fp_413,0.0,Morgan Fingerprint
morgan_fp_414,0.0,Morgan Fingerprint
morgan_fp_415,0.0,Morgan Fingerprint
morgan_fp_416,0.0,Morgan Fingerprint
morgan_fp_417,0.0,Morgan Fingerprint
morgan_fp_388,0.0,Morgan Fingerprint
morgan_fp_385,0.0,Morgan Fingerprint
morgan_fp_352,0.0,Morgan Fingerprint
morgan_fp_384,0.0,Morgan Fingerprint
morgan_fp_353,0.0,Morgan Fingerprint
morgan_fp_354,0.0,Morgan Fingerprint
morgan_fp_355,0.0,Morgan Fingerprint
morgan_fp_357,0.0,Morgan Fingerprint
morgan_fp_358,0.0,Morgan Fingerprint
morgan_fp_360,0.0,Morgan Fingerprint
morgan_fp_361,0.0,Morgan Fingerprint
morgan_fp_363,0.0,Morgan Fingerprint
morgan_fp_364,0.0,Morgan Fingerprint
morgan_fp_365,0.0,Morgan Fingerprint
morgan_fp_366,0.0,Morgan Fingerprint
morgan_fp_367,0.0,Morgan Fingerprint
morgan_fp_368,0.0,Morgan Fingerprint
morgan_fp_369,0.0,Morgan Fingerprint
morgan_fp_370,0.0,Morgan Fingerprint
morgan_fp_371,0.0,Morgan Fingerprint
morgan_fp_372,0.0,Morgan Fingerprint
morgan_fp_374,0.0,Morgan Fingerprint
morgan_fp_375,0.0,Morgan Fingerprint
morgan_fp_376,0.0,Morgan Fingerprint
morgan_fp_377,0.0,Morgan Fingerprint
morgan_fp_378,0.0,Morgan Fingerprint
morgan_fp_379,0.0,Morgan Fingerprint
morgan_fp_380,0.0,Morgan Fingerprint
morgan_fp_381,0.0,Morgan Fingerprint
morgan_fp_382,0.0,Morgan Fingerprint
morgan_fp_383,0.0,Morgan Fingerprint
morgan_fp_528,0.0,Morgan Fingerprint
