Density_pred,Glass_Transition_pred,Melt_Temp_pred,log10_Permeability_CO2_pred,log10_Permeability_H2O_pred,log10_Permeability_N2_pred,log10_Permeability_O2_pred,YoungMod_pred,log10_ElongBreak_pred,Tensile_Strength_pred,Tm
1.2155819,85.55556,178.4017,1.3772495,3.2250953,0.087024145,0.77279985,1236.8038,0.88880837,53.924294,80.5
1.2155819,85.55557,178.4017,1.3772494,3.2250953,0.08702409,0.7727998,1236.804,0.88880825,53.924286,109.2
1.2155819,85.555565,178.40169,1.3772494,3.2250953,0.08702414,0.77279985,1236.8038,0.88880825,53.924286,102.7
1.1446501,93.13359,211.26135,0.6322559,2.984517,-0.8773219,-0.2540649,3220.543,1.142758,54.252357,130.0
0.8774026,9.56342,204.9053,0.962675,2.0017781,-0.060093623,0.57311916,1772.1667,1.5277138,38.23665,138.1
0.8774026,9.56342,204.9053,0.962675,2.0017781,-0.060093623,0.57311916,1772.1667,1.5277138,38.23665,141.6
0.8774026,9.56342,204.9053,0.962675,2.0017781,-0.060093623,0.57311916,1772.1667,1.5277138,38.23665,142.4
0.8774026,9.56342,204.9053,0.962675,2.0017781,-0.060093623,0.57311916,1772.1667,1.5277138,38.23665,160.6
0.8774026,9.56342,204.9053,0.962675,2.0017781,-0.060093623,0.57311916,1772.1667,1.5277138,38.23665,157.5
0.8774026,9.56342,204.9053,0.962675,2.0017781,-0.060093623,0.57311916,1772.1667,1.5277138,38.23665,161.0
0.8774026,9.56342,204.9053,0.962675,2.0017781,-0.060093623,0.57311916,1772.1667,1.5277138,38.23665,119.2
1.219879,100.986374,261.74902,-1.4002149,2.8724952,-1.6399552,-1.3895867,2836.7014,1.3422774,50.80711,161.1
1.2096212,108.34039,283.8653,-1.8099903,2.912138,-1.8146347,-1.6490227,3005.4707,1.3410304,54.159363,154.5
1.212396,106.61418,278.2907,-1.7046022,2.9006038,-1.7693031,-1.581501,2961.5166,1.3398556,53.28776,163.8
1.156518,86.07162,223.1287,0.34317374,2.0842805,-1.0403522,-0.2493377,2543.6824,1.2175052,37.293804,310.0
1.156518,86.07162,223.1287,0.34317374,2.0842805,-1.0403522,-0.2493377,2543.6824,1.2175052,37.293804,313.0
1.156518,86.07162,223.1287,0.34317374,2.0842805,-1.0403522,-0.2493377,2543.6824,1.2175052,37.293804,312.0
1.156518,86.07162,223.1287,0.34317374,2.0842805,-1.0403522,-0.2493377,2543.6824,1.2175052,37.293804,308.0
1.156518,86.07162,223.1287,0.34317374,2.0842805,-1.0403522,-0.2493377,2543.6824,1.2175052,37.293804,306.0
1.156518,86.07162,223.1287,0.34317374,2.0842805,-1.0403522,-0.2493377,2543.6824,1.2175052,37.293804,316.0
1.156518,86.07162,223.1287,0.34317374,2.0842805,-1.0403522,-0.2493377,2543.6824,1.2175052,37.293804,306.0
1.156518,86.07162,223.1287,0.34317374,2.0842805,-1.0403522,-0.2493377,2543.6824,1.2175052,37.293804,318.0
0.8774026,9.56342,204.9053,0.962675,2.0017781,-0.060093623,0.57311916,1772.1667,1.5277138,38.23665,136.1
0.877436,9.574527,204.91325,0.9632584,2.0029063,-0.059625924,0.57349735,1771.7448,1.527644,38.233765,134.4
0.877436,9.574527,204.91325,0.9632584,2.0029063,-0.059625924,0.57349735,1771.7448,1.527644,38.233765,126.2
0.87587947,5.211188,199.7113,0.9567153,2.0487895,-0.035873838,0.5569589,1713.252,1.5681698,36.68774,102.7
0.8745948,1.2802505,194.38461,0.9504507,2.0923705,-0.013653385,0.5393113,1656.0049,1.607469,35.335197,74.2
0.87268925,-3.8424606,185.60991,0.9443671,2.1582837,0.021402651,0.51553535,1570.0913,1.661433,33.69069,59.5
0.8774026,9.56342,204.9053,0.962675,2.0017781,-0.060093623,0.57311916,1772.1667,1.5277138,38.23665,149.2
0.877436,9.574527,204.91325,0.9632584,2.0029063,-0.059625924,0.57349735,1771.7448,1.527644,38.233765,135.1
0.8766465,7.3711042,202.31332,0.9601571,2.0261273,-0.047249846,0.5654496,1742.2155,1.548022,37.436546,123.6
0.87587947,5.211188,199.7113,0.9567153,2.0487895,-0.035873838,0.5569589,1713.252,1.5681698,36.68774,97.3
0.8745948,1.2802505,194.38461,0.9504507,2.0923705,-0.013653385,0.5393113,1656.0049,1.607469,35.335197,77.5
0.8721037,-5.3654757,182.63176,0.943323,2.1815953,0.032969665,0.5083073,1541.032,1.6765335,33.262943,63.2
0.89236146,-22.03929,47.262688,1.00462,3.6002374,0.35036892,-0.2849843,389.5108,1.8720062,20.682697,67.0
0.89236146,-22.03929,47.262688,1.00462,3.6002374,0.35036892,-0.2849843,389.5108,1.8720062,20.682697,36.0
1.2281449,23.8093,86.651566,0.846609,3.1467469,-0.5051246,0.066669576,954.50134,1.5886793,36.933884,79.0
1.2281449,23.8093,86.651566,0.846609,3.1467469,-0.5051246,0.066669576,954.50134,1.5886793,36.933884,74.0
1.2281449,23.8093,86.651566,0.846609,3.1467469,-0.5051246,0.066669576,954.50134,1.5886793,36.933884,71.0
1.2281449,23.8093,86.651566,0.846609,3.1467469,-0.5051246,0.066669576,954.50134,1.5886793,36.933884,72.0
1.2281449,23.8093,86.651566,0.846609,3.1467469,-0.5051246,0.066669576,954.50134,1.5886793,36.933884,87.0
1.2281449,23.8093,86.651566,0.846609,3.1467469,-0.5051246,0.066669576,954.50134,1.5886793,36.933884,86.0
1.2281449,23.8093,86.651566,0.846609,3.1467469,-0.5051246,0.066669576,954.50134,1.5886793,36.933884,111.0
1.2281449,23.8093,86.651566,0.846609,3.1467469,-0.5051246,0.066669576,954.50134,1.5886793,36.933884,117.0
1.2281449,23.8093,86.651566,0.846609,3.1467469,-0.5051246,0.066669576,954.50134,1.5886793,36.933884,114.0
1.2281449,23.8093,86.651566,0.846609,3.1467469,-0.5051246,0.066669576,954.50134,1.5886793,36.933884,100.0
1.2281449,23.8093,86.651566,0.846609,3.1467469,-0.5051246,0.066669576,954.50134,1.5886793,36.933884,104.0
1.3111291,-2.5529206,96.9048,0.9396423,3.066032,-0.2047652,0.36801076,913.0758,1.5339726,42.332073,49.0
1.3111291,-2.5529206,96.9048,0.9396423,3.066032,-0.2047652,0.36801076,913.0758,1.5339726,42.332073,51.0
1.3111291,-2.5529206,96.9048,0.9396423,3.066032,-0.2047652,0.36801076,913.0758,1.5339726,42.332073,80.0
1.3111291,-2.5529206,96.9048,0.9396423,3.066032,-0.2047652,0.36801076,913.0758,1.5339726,42.332073,112.0
1.3111291,-2.5529206,96.9048,0.9396423,3.066032,-0.2047652,0.36801076,913.0758,1.5339726,42.332073,107.0
1.3279245,63.22871,152.5071,0.72928685,2.871544,-0.64680743,0.108293734,1432.179,0.9389269,50.283398,173.0
1.3279245,63.22871,152.5071,0.72928685,2.871544,-0.64680743,0.108293734,1432.179,0.9389269,50.283398,60.0
1.3279245,63.22871,152.5071,0.72928685,2.871544,-0.64680743,0.108293734,1432.179,0.9389269,50.283398,62.0
1.3279245,63.22871,152.5071,0.72928685,2.871544,-0.64680743,0.108293734,1432.179,0.9389269,50.283398,207.0
1.3279245,63.22871,152.5071,0.72928685,2.871544,-0.64680743,0.108293734,1432.179,0.9389269,50.283398,212.0
1.0726194,76.21639,220.4849,0.7024598,2.9603984,-0.5376009,0.2393769,2529.2075,1.2705983,56.470573,210.0
1.0726194,76.21639,220.4849,0.7024598,2.9603984,-0.5376009,0.2393769,2529.2075,1.2705983,56.470573,225.0
1.0726194,76.21639,220.4849,0.7024598,2.9603984,-0.5376009,0.2393769,2529.2075,1.2705983,56.470573,228.0
1.0726194,76.21639,220.4849,0.7024598,2.9603984,-0.5376009,0.2393769,2529.2075,1.2705983,56.470573,239.0
1.0726194,76.21639,220.4849,0.7024598,2.9603984,-0.5376009,0.2393769,2529.2075,1.2705983,56.470573,246.0
1.0726194,76.21639,220.4849,0.7024598,2.9603984,-0.5376009,0.2393769,2529.2075,1.2705983,56.470573,247.0
1.0726194,76.21639,220.4849,0.7024598,2.9603984,-0.5376009,0.2393769,2529.2075,1.2705983,56.470573,246.0
1.0655668,130.99878,238.25859,1.0815241,3.0157907,-0.19223478,0.6129013,2523.581,1.1688225,59.535778,221.0
1.0655668,130.99878,238.25859,1.0815241,3.0157907,-0.19223478,0.6129013,2523.581,1.1688225,59.535778,224.0
1.0655668,130.99878,238.25859,1.0815241,3.0157907,-0.19223478,0.6129013,2523.581,1.1688225,59.535778,224.0
1.3004605,81.85689,222.68782,0.4679163,1.3925295,-0.961419,-0.32562143,1348.2908,0.9920708,29.733185,230.4
1.3004605,81.85689,222.68782,0.4679163,1.3925295,-0.961419,-0.32562143,1348.2908,0.9920708,29.733185,231.6
1.3004605,81.85689,222.68782,0.4679163,1.3925295,-0.961419,-0.32562143,1348.2908,0.9920708,29.733185,231.7
1.3004605,81.85689,222.68782,0.4679163,1.3925295,-0.961419,-0.32562143,1348.2908,0.9920708,29.733185,232.4
1.3004605,81.85689,222.68782,0.4679163,1.3925295,-0.961419,-0.32562143,1348.2908,0.9920708,29.733185,235.7
1.1001247,83.81061,235.56393,0.8265578,2.6536722,-0.52458113,0.21234718,2324.3787,1.215874,57.209675,214.7
1.1001247,83.81061,235.56393,0.8265578,2.6536722,-0.52458113,0.21234718,2324.3787,1.215874,57.209675,214.4
1.1001247,83.81061,235.56393,0.8265578,2.6536722,-0.52458113,0.21234718,2324.3787,1.215874,57.209675,290.9
1.1183752,82.98754,239.7136,0.8923253,2.624628,-0.49221182,0.25418764,2311.2666,1.1930788,60.54966,283.1
0.9476965,2.4387498,142.36656,0.3035552,3.7566848,-0.33784693,-2.017584,652.13196,1.9889584,31.791965,130.0
1.2188282,121.94181,247.03752,0.9975735,2.6486707,-0.29979372,0.4568933,2177.392,1.1855847,65.36099,327.0
1.1477269,113.58159,246.03471,1.0453837,2.9644017,-0.24485359,0.5514053,2592.3901,1.1511527,65.521904,259.0
1.0840214,107.43176,246.01065,1.0474268,3.2389882,-0.25148028,0.6007805,2924.3186,1.1401606,65.309525,226.0
1.0795419,107.03916,246.05045,1.0462884,3.2594037,-0.25233954,0.6033445,2944.6663,1.1395648,65.23829,252.0
1.0552777,115.85808,267.60864,1.4617803,3.0368147,0.22323748,0.8373558,2432.5286,1.1425728,66.91849,257.9
1.0556409,106.944595,250.14523,1.0477918,3.3084877,-0.23463945,0.613272,3016.9688,1.151664,63.957203,216.7
1.0571971,115.053055,264.17648,1.3567742,3.0881815,0.1098428,0.7804557,2571.8696,1.1410024,66.52782,226.6
1.0517774,103.716064,246.86581,0.9830125,3.3686664,-0.30960867,0.5791029,3127.2656,1.1604648,62.225525,260.0
1.1044611,105.57301,233.32169,1.1093824,2.9911005,-0.16233657,0.49498743,2201.464,1.2186923,58.067787,252.0
1.068258,106.24597,244.86552,1.0114967,3.2644398,-0.2698664,0.56042653,2886.2603,1.1589243,62.123817,225.0
1.1012514,106.10502,235.20915,1.095092,3.016152,-0.17425731,0.5006939,2275.605,1.2092628,58.657753,221.0
1.1029097,105.86123,234.27055,1.1023633,3.003532,-0.1676726,0.49808463,2237.6267,1.2141192,58.364094,227.0
1.1044611,105.57301,233.32169,1.1093824,2.9911005,-0.16233657,0.49498743,2201.464,1.2186923,58.067787,252.0
1.0517774,103.716064,246.86581,0.9830125,3.3686664,-0.30960867,0.5791029,3127.2656,1.1604648,62.225525,252.0
1.0517774,103.716064,246.86581,0.9830125,3.3686664,-0.30960867,0.5791029,3127.2656,1.1604648,62.225525,242.0
1.0407766,120.11401,263.1424,1.129624,3.1402035,-0.21806923,0.65075904,2829.8057,1.1623868,67.27425,245.5
1.0593325,111.15947,250.81242,1.057511,3.3053246,-0.261308,0.611513,3008.771,1.1275179,65.80388,263.6
1.0586598,113.86359,253.55493,1.0729327,3.2706475,-0.25209436,0.61704147,2974.7634,1.129137,66.47572,257.7
1.0566105,115.657715,255.72452,1.084246,3.2421455,-0.24573192,0.6221607,2947.7969,1.1335461,66.81936,251.6
1.0539217,116.91976,257.45236,1.0927845,3.2197337,-0.24121645,0.6266348,2924.508,1.1390043,67.01454,247.1
1.0502802,118.21039,259.5931,1.1037189,3.1926801,-0.23458926,0.63411695,2895.7021,1.1469157,67.18911,244.6
1.2548292,83.42638,174.05351,0.6595828,2.7117293,-0.74019873,-0.048138253,1993.3616,1.0803639,58.27639,120.0
1.228007,85.156,171.20023,0.814109,2.903047,-0.55291927,0.11251952,1569.8649,1.1949619,52.980812,101.0
1.228007,85.156,171.20023,0.814109,2.903047,-0.55291927,0.11251952,1569.8649,1.1949619,52.980812,104.0
1.1990191,82.56834,164.18619,0.80686533,2.877367,-0.53573334,0.12286427,1759.919,1.0293396,52.707397,127.0
1.1990191,82.56834,164.18619,0.80686533,2.877367,-0.53573334,0.12286427,1759.919,1.0293396,52.707397,139.0
1.2510232,53.15266,124.24082,0.54801655,2.7071147,-0.8246325,-0.16613925,1402.6732,1.5114256,40.91595,153.0
1.2072709,37.97119,109.16156,0.88910425,2.952714,-0.4216179,0.17581023,938.77734,1.8152199,32.67923,101.0
1.1772547,49.64655,140.2291,1.0227584,2.9127796,-0.29831594,0.33393523,1030.2932,1.7139256,34.372665,77.0
1.1489668,70.55954,180.17236,1.1284821,2.8785076,-0.16288868,0.49136811,1245.157,1.45244,40.63323,86.0
1.2692889,63.40268,131.255,0.41143093,2.7239666,-0.92290366,-0.27908564,1353.6812,1.598237,44.84366,88.0
1.2610091,108.92317,227.5092,0.58372456,2.5704665,-0.8142657,-0.059293814,1978.3431,1.1040434,66.61814,113.0
1.3114793,94.954025,160.502,0.35035437,2.5554297,-0.97721213,-0.31152552,1734.7448,1.0565386,53.546165,105.0
1.2295828,102.561195,178.24942,0.79152584,2.9724946,-0.65749615,0.03941525,2019.6064,1.1116134,69.56548,160.0
1.2640585,115.603775,231.57991,0.5849353,2.5241625,-0.7498356,-0.036213744,1856.3625,1.1246586,68.07837,127.0
1.2089926,111.33299,178.84642,0.88143367,2.6397305,-0.38734525,0.27306503,1527.1028,1.1963732,55.695984,93.0
1.1819547,53.638832,168.00224,0.57735246,2.584599,-0.6883154,-0.09584026,1472.9874,1.5597761,38.895348,95.0
1.0157773,-46.60619,53.520466,1.5992349,3.7247303,0.3734316,0.54106694,33.096764,2.0311215,6.0699263,-18.0
1.0157773,-46.60619,53.520466,1.5992349,3.7247303,0.3734316,0.54106694,33.096764,2.0311215,6.0699263,-14.0
1.1541015,-20.693583,96.14799,1.2097185,3.2312846,-0.106336616,0.35775834,1209.4812,1.3587873,25.049778,108.0
1.1541015,-20.693583,96.14799,1.2097185,3.2312846,-0.106336616,0.35775834,1209.4812,1.3587873,25.049778,108.0
1.1541015,-20.693583,96.14799,1.2097185,3.2312846,-0.106336616,0.35775834,1209.4812,1.3587873,25.049778,108.0
1.1735401,-7.3455353,161.45908,1.3391354,3.2193055,0.07541992,0.49941477,129.01682,1.9608946,14.415903,157.0
1.1540309,-19.026836,102.12642,1.214525,3.2265422,-0.10303221,0.36789617,1227.5104,1.399884,24.509573,149.0
1.1540221,-18.029211,105.487305,1.2171007,3.2244172,-0.10084629,0.37426615,1235.5156,1.4331071,24.043295,144.0
1.1543442,-17.061787,108.6147,1.219178,3.2227674,-0.0982818,0.38083762,1237.2787,1.4705846,23.552706,138.0
1.1549721,-16.148115,111.564316,1.2229704,3.2218804,-0.09442787,0.38628098,1236.2799,1.5095662,23.111612,128.0
1.1540836,-20.144062,98.24597,1.2115544,3.2292428,-0.10534213,0.3612923,1215.8071,1.3714086,24.895245,150.0
1.1540496,-19.585985,100.254364,1.2131078,3.227488,-0.10426122,0.36472273,1221.705,1.3851537,24.716333,149.0
1.1540496,-19.585985,100.254364,1.2131078,3.227488,-0.10426122,0.36472273,1221.705,1.3851537,24.716333,144.0
1.1539987,-18.517063,103.838425,1.2159163,3.2254796,-0.10185275,0.3709547,1232.4812,1.4158037,24.281843,143.0
1.1539987,-18.517063,103.838425,1.2159163,3.2254796,-0.10185275,0.3709547,1232.4812,1.4158037,24.281843,138.0
1.15414,-17.543,107.07524,1.2180663,3.2234585,-0.099862695,0.37759483,1237.0348,1.4514107,23.787468,138.0
1.15414,-17.543,107.07524,1.2180663,3.2234585,-0.099862695,0.37759483,1237.0348,1.4514107,23.787468,131.0
1.1546612,-16.602201,110.11809,1.2211202,3.2224889,-0.09602161,0.38409725,1237.2997,1.4896657,23.325817,130.0
1.1553113,-15.753939,112.95011,1.2245538,3.220903,-0.093305826,0.38801658,1233.8132,1.5297322,22.892078,114.0
1.1541694,-17.63193,106.838905,1.2178017,3.2236724,-0.10013902,0.37698323,1237.1576,1.4484613,23.827961,137.0
1.1543442,-17.061787,108.6147,1.219178,3.2227674,-0.0982818,0.38083762,1237.2787,1.4705846,23.552706,131.0
1.1540221,-18.029211,105.487305,1.2171007,3.2244172,-0.10084629,0.37426615,1235.5156,1.4331071,24.043295,138.0
1.1543442,-17.061787,108.6147,1.219178,3.2227674,-0.0982818,0.38083762,1237.2787,1.4705846,23.552706,132.0
1.1540496,-19.585985,100.254364,1.2131078,3.227488,-0.10426122,0.36472273,1221.705,1.3851537,24.716333,156.0
1.1710522,-6.7303452,160.32343,1.3432944,3.2156212,0.07527552,0.5026027,144.24664,1.9578518,14.4153805,178.0
1.1520362,-20.030409,96.3376,1.2126154,3.226104,-0.10445966,0.36088958,1203.5369,1.3675165,24.897173,108.0
1.1586773,-11.51118,125.89146,1.2435013,3.2047105,-0.06763632,0.40763408,1120.6008,1.7016929,21.481396,83.0
1.1520362,-20.030409,96.3376,1.2126154,3.226104,-0.10445966,0.36088958,1203.5369,1.3675165,24.897173,79.0
1.1520362,-20.030409,96.3376,1.2126154,3.226104,-0.10445966,0.36088958,1203.5369,1.3675165,24.897173,78.0
1.5439215,-27.097767,102.72679,1.191354,1.7974793,-0.035901293,0.6059581,1252.4578,1.3883965,46.758648,210.0
1.1044369,-27.66615,92.56134,1.3333175,3.2856457,0.057906605,0.5121086,119.05739,2.3963516,4.657828,47.0
1.1586773,-11.51118,125.89146,1.2435013,3.2047105,-0.06763632,0.40763408,1120.6008,1.7016929,21.481396,87.0
1.1586773,-11.51118,125.89146,1.2435013,3.2047105,-0.06763632,0.40763408,1120.6008,1.7016929,21.481396,88.0
1.1425078,-20.878286,63.474598,1.3716792,3.37739,0.095229656,0.50836825,239.01016,2.1034856,9.478502,80.0
1.4487699,-21.71475,111.14537,1.2698201,2.3225896,0.010153609,0.5736234,839.2952,1.5501224,35.870235,161.0
1.1706672,-6.287854,157.42757,1.35256,3.2250042,0.07768614,0.506282,142.85315,1.9540699,14.180199,151.0
1.2194388,50.26371,167.14333,1.9151583,3.7594972,0.60580003,1.5100168,890.54315,0.3580045,56.7758,175.0
1.2194388,50.26371,167.14333,1.9151583,3.7594972,0.60580003,1.5100168,890.54315,0.3580045,56.7758,178.0
1.1722265,-2.2156234,153.30513,1.4050643,3.2327793,0.11947651,0.5657545,211.2708,1.8338658,15.762556,160.0
1.181739,4.0930758,153.68668,1.4461434,3.2456927,0.15153745,0.64804953,328.4968,1.6303399,20.476706,157.0
1.1890236,8.99708,153.66902,1.5017023,3.2909598,0.19552784,0.74517757,412.33307,1.4458786,25.023699,148.0
1.1913817,13.522023,153.63977,1.5134476,3.2957416,0.20384052,0.7803357,482.1747,1.3535043,27.8308,148.0
1.1970761,16.107111,154.57967,1.5674702,3.3527043,0.25281093,0.87199223,524.72003,1.2178681,31.315771,125.0
1.1706672,-6.287854,157.42757,1.35256,3.2250042,0.07768614,0.506282,142.85315,1.9540699,14.180199,163.0
1.1542002,-10.484167,134.23155,1.3295149,3.200208,0.05167312,0.4780856,222.00456,2.0257924,13.328661,129.0
1.1531748,-11.269536,129.22873,1.3245549,3.2030816,0.047024224,0.47202682,226.67378,2.0323586,13.083811,122.0
1.1429454,-19.550806,83.19523,1.3325536,3.302919,0.073879585,0.47598428,259.20856,2.0320446,11.435075,90.0
1.1367368,-21.986418,70.815834,1.3407677,3.3260632,0.08919609,0.48343983,277.16306,2.0258906,10.849242,63.0
1.1326832,-25.6112,54.03072,1.3434529,3.3548646,0.10103885,0.48075762,302.12656,2.0114841,10.171533,35.0
1.1334969,-29.171967,34.248695,1.343865,3.3923485,0.11077885,0.47110766,314.45193,1.98086,9.571613,11.0
1.1706672,-6.287854,157.42757,1.35256,3.2250042,0.07768614,0.506282,142.85315,1.9540699,14.180199,133.0
1.1706672,-6.287854,157.42757,1.35256,3.2250042,0.07768614,0.506282,142.85315,1.9540699,14.180199,126.0
1.1706672,-6.287854,157.42757,1.35256,3.2250042,0.07768614,0.506282,142.85315,1.9540699,14.180199,167.0
1.1706672,-6.287854,157.42757,1.35256,3.2250042,0.07768614,0.506282,142.85315,1.9540699,14.180199,178.0
1.1706672,-6.287854,157.42757,1.35256,3.2250042,0.07768614,0.506282,142.85315,1.9540699,14.180199,155.0
1.1706672,-6.287854,157.42757,1.35256,3.2250042,0.07768614,0.506282,142.85315,1.9540699,14.180199,150.0
1.1706672,-6.287854,157.42757,1.35256,3.2250042,0.07768614,0.506282,142.85315,1.9540699,14.180199,150.0
1.1706672,-6.287854,157.42757,1.35256,3.2250042,0.07768614,0.506282,142.85315,1.9540699,14.180199,183.0
1.1706672,-6.287854,157.42757,1.35256,3.2250042,0.07768614,0.506282,142.85315,1.9540699,14.180199,51.0
1.1706672,-6.287854,157.42757,1.35256,3.2250042,0.07768614,0.506282,142.85315,1.9540699,14.180199,136.0
1.1706672,-6.287854,157.42757,1.35256,3.2250042,0.07768614,0.506282,142.85315,1.9540699,14.180199,143.0
1.1706672,-6.287854,157.42757,1.35256,3.2250042,0.07768614,0.506282,142.85315,1.9540699,14.180199,145.0
1.1706672,-6.287854,157.42757,1.35256,3.2250042,0.07768614,0.506282,142.85315,1.9540699,14.180199,146.0
1.1706672,-6.287854,157.42757,1.35256,3.2250042,0.07768614,0.506282,142.85315,1.9540699,14.180199,147.0
1.1706672,-6.287854,157.42757,1.35256,3.2250042,0.07768614,0.506282,142.85315,1.9540699,14.180199,147.0
1.1706672,-6.287854,157.42757,1.35256,3.2250042,0.07768614,0.506282,142.85315,1.9540699,14.180199,157.0
1.1706672,-6.287854,157.42757,1.35256,3.2250042,0.07768614,0.506282,142.85315,1.9540699,14.180199,156.0
1.1706672,-6.287854,157.42757,1.35256,3.2250042,0.07768614,0.506282,142.85315,1.9540699,14.180199,161.0
1.1706672,-6.287854,157.42757,1.35256,3.2250042,0.07768614,0.506282,142.85315,1.9540699,14.180199,164.0
1.1706672,-6.287854,157.42757,1.35256,3.2250042,0.07768614,0.506282,142.85315,1.9540699,14.180199,169.0
1.1706672,-6.287854,157.42757,1.35256,3.2250042,0.07768614,0.506282,142.85315,1.9540699,14.180199,170.0
1.1706672,-6.287854,157.42757,1.35256,3.2250042,0.07768614,0.506282,142.85315,1.9540699,14.180199,171.0
1.1706672,-6.287854,157.42757,1.35256,3.2250042,0.07768614,0.506282,142.85315,1.9540699,14.180199,121.0
1.1706672,-6.287854,157.42757,1.35256,3.2250042,0.07768614,0.506282,142.85315,1.9540699,14.180199,122.0
1.169855,39.69519,121.17599,1.1167781,3.2010555,-0.33838534,0.3404024,1265.7068,1.451718,42.23229,153.0
1.2194388,50.26371,167.14333,1.9151583,3.7594972,0.60580003,1.5100168,890.54315,0.3580045,56.7758,173.0
1.2194388,50.26371,167.14333,1.9151583,3.7594972,0.60580003,1.5100168,890.54315,0.3580045,56.7758,146.0
1.2238133,72.04522,128.31537,1.1832178,3.1951704,-0.32114282,0.3888527,1476.0676,1.2279657,53.10908,213.0
1.2238133,72.04522,128.31537,1.1832178,3.1951704,-0.32114282,0.3888527,1476.0676,1.2279657,53.10908,145.0
1.1706672,-6.287854,157.42757,1.35256,3.2250042,0.07768614,0.506282,142.85315,1.9540699,14.180199,163.0
1.1615593,-8.057817,133.67255,1.3349798,3.2608726,0.0599129,0.49029413,196.31339,1.922492,12.819705,126.0
1.1579207,-8.983485,127.61397,1.3201951,3.26754,0.048915517,0.4793632,206.23523,1.9359833,12.470694,119.0
1.1579207,-8.983485,127.61397,1.3201951,3.26754,0.048915517,0.4793632,206.23523,1.9359833,12.470694,119.0
1.1478355,-12.313794,111.932594,1.2864406,3.303965,0.027376821,0.44961342,220.7236,1.9883473,11.668772,97.0
1.0930483,-60.85459,50.14303,1.3467758,4.096496,0.14474036,0.3976773,311.86896,1.9143801,19.743952,47.0
1.1663841,-7.3171644,140.01926,1.3160206,3.2372584,0.03218271,0.46813083,203.3472,1.9992307,13.776068,113.0
1.1584162,-2.7711778,129.59189,1.3591007,3.2291446,0.05231461,0.516066,209.4633,1.9465681,12.71923,115.0
1.18797,1.9171814,153.5097,1.5130155,3.3222294,0.206695,0.7390655,287.89386,1.5375692,21.887781,120.0
1.1688927,-8.196096,151.68875,1.35763,3.236695,0.08376078,0.5087102,148.48067,1.9317579,13.715103,162.3
1.150409,-10.719693,116.893654,1.2910863,3.2831979,0.029002437,0.45481157,223.46973,1.9761025,11.950153,156.6
1.1579207,-8.983485,127.61397,1.3201951,3.26754,0.048915517,0.4793632,206.23523,1.9359833,12.470694,149.7
1.1541889,-9.873749,122.02986,1.3058281,3.274915,0.038791507,0.4672563,215.33525,1.954524,12.190311,149.0
1.1579207,-8.983485,127.61397,1.3201951,3.26754,0.048915517,0.4793632,206.23523,1.9359833,12.470694,150.1
1.1651046,-7.0853148,140.25333,1.3494213,3.2528934,0.07197177,0.5013562,184.98923,1.9120998,13.238729,157.8
1.1684172,-6.2388244,147.44429,1.3632522,3.2425392,0.0845039,0.5123323,171.56187,1.9101579,13.734459,160.9
1.1651046,-7.0853148,140.25333,1.3494213,3.2528934,0.07197177,0.5013562,184.98923,1.9120998,13.238729,160.0
1.1615593,-8.057817,133.67255,1.3349798,3.2608726,0.0599129,0.49029413,196.31339,1.922492,12.819705,161.0
1.1651046,-7.0853148,140.25333,1.3494213,3.2528934,0.07197177,0.5013562,184.98923,1.9120998,13.238729,162.6
1.1324044,9.280638,131.82721,1.01295,3.113217,-0.2947741,0.28482985,742.12,2.0147064,22.005295,159.0
1.1411791,17.074991,123.25862,0.90448457,3.0747576,-0.44815135,0.14863291,1104.5583,1.9025261,31.751017,160.0
1.1428684,16.56835,121.75392,0.905074,3.0823927,-0.44919023,0.14674796,1091.9285,1.9087433,31.698029,126.0
1.1404693,32.566063,172.6203,0.63274443,3.0686395,-0.6303824,0.037822712,859.58624,2.1728575,34.136353,142.0
1.1404693,32.566063,172.6203,0.63274443,3.0686395,-0.6303824,0.037822712,859.58624,2.1728575,34.136353,164.0
1.1404693,32.566063,172.6203,0.63274443,3.0686395,-0.6303824,0.037822712,859.58624,2.1728575,34.136353,156.0
1.1404693,32.566063,172.6203,0.63274443,3.0686395,-0.6303824,0.037822712,859.58624,2.1728575,34.136353,170.0
1.1404693,32.566063,172.6203,0.63274443,3.0686395,-0.6303824,0.037822712,859.58624,2.1728575,34.136353,171.0
1.1404693,32.566063,172.6203,0.63274443,3.0686395,-0.6303824,0.037822712,859.58624,2.1728575,34.136353,117.0
1.1404693,32.566063,172.6203,0.63274443,3.0686395,-0.6303824,0.037822712,859.58624,2.1728575,34.136353,165.0
1.1404693,32.566063,172.6203,0.63274443,3.0686395,-0.6303824,0.037822712,859.58624,2.1728575,34.136353,161.0
1.1404693,32.566063,172.6203,0.63274443,3.0686395,-0.6303824,0.037822712,859.58624,2.1728575,34.136353,157.0
1.2238133,72.04522,128.31537,1.1832178,3.1951704,-0.32114282,0.3888527,1476.0676,1.2279657,53.10908,116.0
1.300832,153.02654,174.93268,0.82848084,2.8387175,-0.34488338,0.28834173,1595.6436,0.63570356,59.292835,235.0
1.2532474,121.4377,201.51656,0.25406232,2.7800434,-0.7989898,-0.21532503,1728.4451,0.94316804,67.12459,239.0
1.2245259,78.294495,154.00647,1.1157506,3.0493953,-0.2658149,0.38940075,1388.656,1.0406896,52.28306,134.0
1.2606306,149.97774,229.95743,0.6787393,2.8129714,-0.5722349,0.0949352,1955.658,0.900504,77.10464,185.0
1.2580664,149.28508,222.80318,1.0768592,2.903638,-0.276163,0.4203915,1760.2576,0.700207,80.50545,205.0
1.240924,157.59586,215.94495,1.428875,2.982695,0.117170416,0.7368208,1604.2739,0.68794745,76.158325,160.0
1.2252066,161.15936,277.6264,0.7974175,2.8869553,-0.59594226,0.19946691,2130.0488,0.9242937,97.60259,183.0
1.2598053,50.295975,118.96149,0.97239524,2.9500022,-0.22928174,0.25124007,974.76434,0.63766074,38.034748,121.0
1.1679027,40.011723,122.75578,1.1206676,3.1938238,-0.32797948,0.34759146,1271.844,1.4469844,42.271065,172.0
1.2133297,50.120876,165.03151,1.892511,3.7310576,0.57611895,1.4648237,912.65576,0.3889525,55.887226,162.0
1.2194388,50.26371,167.14333,1.9151583,3.7594972,0.60580003,1.5100168,890.54315,0.3580045,56.7758,169.0
1.1779923,42.334892,56.641388,0.76027477,2.825664,-0.44539794,0.14874259,682.8041,1.5716426,22.48573,269.0
1.1779923,42.334892,56.641388,0.76027477,2.825664,-0.44539794,0.14874259,682.8041,1.5716426,22.48573,261.0
1.1779923,42.334892,56.641388,0.76027477,2.825664,-0.44539794,0.14874259,682.8041,1.5716426,22.48573,256.0
1.1779923,42.334892,56.641388,0.76027477,2.825664,-0.44539794,0.14874259,682.8041,1.5716426,22.48573,249.0
1.1779923,42.334892,56.641388,0.76027477,2.825664,-0.44539794,0.14874259,682.8041,1.5716426,22.48573,241.0
1.1779923,42.334892,56.641388,0.76027477,2.825664,-0.44539794,0.14874259,682.8041,1.5716426,22.48573,239.0
1.1779923,42.334892,56.641388,0.76027477,2.825664,-0.44539794,0.14874259,682.8041,1.5716426,22.48573,233.0
1.1779923,42.334892,56.641388,0.76027477,2.825664,-0.44539794,0.14874259,682.8041,1.5716426,22.48573,225.0
1.0778506,49.54074,192.96788,0.86936396,3.3558223,-0.5238541,0.09778409,1757.7805,1.2931557,40.080925,258.0
1.0778506,49.54074,192.96788,0.86936396,3.3558223,-0.5238541,0.09778409,1757.7805,1.2931557,40.080925,250.0
1.0778506,49.54074,192.96788,0.86936396,3.3558223,-0.5238541,0.09778409,1757.7805,1.2931557,40.080925,227.0
1.0778506,49.54074,192.96788,0.86936396,3.3558223,-0.5238541,0.09778409,1757.7805,1.2931557,40.080925,225.0
1.0778506,49.54074,192.96788,0.86936396,3.3558223,-0.5238541,0.09778409,1757.7805,1.2931557,40.080925,223.0
1.0517774,103.716064,246.86581,0.9830125,3.3686664,-0.30960867,0.5791029,3127.2656,1.1604648,62.225525,270.0
1.0517774,103.716064,246.86581,0.9830125,3.3686664,-0.30960867,0.5791029,3127.2656,1.1604648,62.225525,230.0
1.134126,-24.684076,-25.87589,1.310045,3.5249698,-0.05889653,0.40827313,305.77365,2.0662692,6.946833,90.4
1.1456836,-27.154938,-19.505518,1.2972332,3.5434082,-0.047901224,0.3976985,298.73102,2.0521746,8.022629,95.2
1.134126,-24.684076,-25.87589,1.310045,3.5249698,-0.05889653,0.40827313,305.77365,2.0662692,6.946833,80.4
0.8628381,-35.655357,128.36234,0.90365046,2.7477307,-0.107252814,0.33386505,1138.3328,1.7775915,22.379288,110.7
0.8516418,-44.562206,120.00293,0.8027679,2.6763117,-0.07946934,0.2057612,977.23474,1.9413106,20.222982,68.0
0.9062133,-29.32024,80.84589,0.83441925,2.7934878,-0.85147536,0.12777317,1238.4934,1.5820951,23.68372,121.0
0.92858297,39.851944,159.10037,1.0856076,2.8285813,-0.240805,0.47287625,1337.0818,1.5063655,30.495468,108.0
1.0651772,165.68407,275.0137,1.1019131,3.1791844,-0.18399164,0.6632222,2758.175,1.0294356,64.710106,192.0
0.9476965,2.4387498,142.36656,0.3035552,3.7566848,-0.33784693,-2.017584,652.13196,1.9889584,31.791965,130.0
1.1062491,48.41028,262.88242,-0.32382315,0.74734163,-1.3631121,-0.51955545,3112.3137,1.681029,34.421486,250.0
1.3305204,72.88188,217.74405,-0.8127626,1.8373516,-1.5281693,-0.90721303,1590.6766,2.3676715,57.657196,240.0
1.0770727,187.55333,269.6438,1.7266442,2.9592042,0.40475863,1.1042202,1940.8713,0.9792658,79.62617,300.0
1.3080878,147.94878,244.60689,0.9201614,2.8533607,-0.48502088,0.20340529,2026.5463,0.99259984,88.19033,334.0
1.0842335,-65.10103,57.89389,1.3339455,4.240744,0.15267691,0.36543286,345.0769,1.8998827,22.261562,60.0
1.1710522,-6.7303452,160.32343,1.3432944,3.2156212,0.07527552,0.5026027,144.24664,1.9578518,14.4153805,170.0
1.1710522,-6.7303452,160.32343,1.3432944,3.2156212,0.07527552,0.5026027,144.24664,1.9578518,14.4153805,175.0
1.1710522,-6.7303452,160.32343,1.3432944,3.2156212,0.07527552,0.5026027,144.24664,1.9578518,14.4153805,178.0
1.1710522,-6.7303452,160.32343,1.3432944,3.2156212,0.07527552,0.5026027,144.24664,1.9578518,14.4153805,164.4
1.1710522,-6.7303452,160.32343,1.3432944,3.2156212,0.07527552,0.5026027,144.24664,1.9578518,14.4153805,165.4
1.1710522,-6.7303452,160.32343,1.3432944,3.2156212,0.07527552,0.5026027,144.24664,1.9578518,14.4153805,171.0
1.1710522,-6.7303452,160.32343,1.3432944,3.2156212,0.07527552,0.5026027,144.24664,1.9578518,14.4153805,176.0
1.1710522,-6.7303452,160.32343,1.3432944,3.2156212,0.07527552,0.5026027,144.24664,1.9578518,14.4153805,176.6
1.1710522,-6.7303452,160.32343,1.3432944,3.2156212,0.07527552,0.5026027,144.24664,1.9578518,14.4153805,176.7
1.1710522,-6.7303452,160.32343,1.3432944,3.2156212,0.07527552,0.5026027,144.24664,1.9578518,14.4153805,177.3
1.1710522,-6.7303452,160.32343,1.3432944,3.2156212,0.07527552,0.5026027,144.24664,1.9578518,14.4153805,175.0
1.1710522,-6.7303452,160.32343,1.3432944,3.2156212,0.07527552,0.5026027,144.24664,1.9578518,14.4153805,169.0
1.1710522,-6.7303452,160.32343,1.3432944,3.2156212,0.07527552,0.5026027,144.24664,1.9578518,14.4153805,171.0
1.1710522,-6.7303452,160.32343,1.3432944,3.2156212,0.07527552,0.5026027,144.24664,1.9578518,14.4153805,177.0
1.1710522,-6.7303452,160.32343,1.3432944,3.2156212,0.07527552,0.5026027,144.24664,1.9578518,14.4153805,177.0
1.1710522,-6.7303452,160.32343,1.3432944,3.2156212,0.07527552,0.5026027,144.24664,1.9578518,14.4153805,178.0
1.1710522,-6.7303452,160.32343,1.3432944,3.2156212,0.07527552,0.5026027,144.24664,1.9578518,14.4153805,179.0
1.303529,-31.24593,72.3817,0.5541479,3.3396065,-0.6586462,-0.27428156,1032.7888,1.9923178,54.94053,78.1
1.303529,-31.24593,72.3817,0.5541479,3.3396065,-0.6586462,-0.27428156,1032.7888,1.9923178,54.94053,77.0
1.1520362,-20.030409,96.3376,1.2126154,3.226104,-0.10445966,0.36088958,1203.5369,1.3675165,24.897173,103.0
1.1520362,-20.030409,96.3376,1.2126154,3.226104,-0.10445966,0.36088958,1203.5369,1.3675165,24.897173,112.3
1.1094993,7.8722105,124.506615,0.88111955,3.1818147,-0.32612112,0.23580667,871.11993,2.149642,27.964926,66.0
1.2591546,-51.714893,40.890526,1.0720276,3.7291062,-0.25319552,0.18228376,99.5627,2.1942067,77.72808,50.1
1.2591546,-51.714893,40.890526,1.0720276,3.7291062,-0.25319552,0.18228376,99.5627,2.1942067,77.72808,61.0
1.2396867,24.182657,107.29799,0.8835847,2.7778494,-0.43807665,0.12315069,874.7345,1.6633751,33.313457,102.0
1.1870698,22.747305,94.712555,0.8909022,3.0466747,-0.43411693,0.17191969,1023.1205,1.7329104,30.76969,88.0
1.1094993,7.8722105,124.506615,0.88111955,3.1818147,-0.32612112,0.23580667,871.11993,2.149642,27.964926,50.4
1.0075682,-37.271034,72.02672,1.8403317,3.974643,0.5930972,0.7840559,53.280113,1.9277275,6.205381,82.4
1.1710522,-6.7303452,160.32343,1.3432944,3.2156212,0.07527552,0.5026027,144.24664,1.9578518,14.4153805,178.0
1.0196472,-46.065235,64.914856,1.6898682,3.789559,0.4071413,0.69775456,43.67057,2.0852847,7.078901,72.2
1.1720484,-4.658548,151.79355,1.3879884,3.2368317,0.0965656,0.53860605,212.74329,1.8818461,15.350075,158.8
1.1709263,-6.69888,160.2668,1.3434935,3.2154324,0.07526429,0.50274825,145.024,1.9577177,14.41434,166.1
1.1720011,-6.1954026,159.2044,1.3726181,3.2242513,0.09457393,0.5301688,157.18301,1.8993477,14.94414,166.3
1.1720011,-6.1954026,159.2044,1.3726181,3.2242513,0.09457393,0.5301688,157.18301,1.8993477,14.94414,166.6
1.1709263,-6.69888,160.2668,1.3434935,3.2154324,0.07526429,0.50274825,145.024,1.9577177,14.41434,167.7
1.1332262,-1.0424103,128.15329,1.4213741,3.2586036,0.077565655,0.5918713,741.60815,1.7503258,19.546234,113.0
1.1406271,-1.3979187,132.21692,1.409087,3.2515278,0.07249639,0.5769427,678.4626,1.7973226,19.137783,118.0
1.1456647,-1.5861725,135.50533,1.3997288,3.2460175,0.06995021,0.5672727,626.23694,1.8282973,18.817833,126.0
1.1600895,-8.277887,136.89828,1.3268753,3.2273936,0.045041107,0.49389988,129.64511,2.100796,12.170324,98.6
1.2702914,-16.267786,81.187325,0.74336773,3.2923057,-0.48524183,-0.08946284,708.6698,1.9947717,39.04185,43.0
1.2549659,-12.932849,91.259315,0.8356392,3.274156,-0.3992347,0.0020044358,573.38464,1.9999485,32.509636,44.0
1.2627237,-14.2567215,85.865585,0.7881553,3.2825081,-0.4429551,-0.04570069,639.3463,1.9988903,35.637363,45.0
1.2260842,-11.053411,114.916115,1.0121013,3.2499318,-0.2331707,0.1742889,375.5689,1.9959161,23.45415,59.0
1.2740226,-17.477459,78.90636,0.7223196,3.2970016,-0.5047069,-0.10893641,744.4064,1.9899194,40.810596,61.0
1.1993464,-9.626703,136.73419,1.1689494,3.2297835,-0.08852352,0.3305951,240.99545,1.9831938,18.162048,100.0
1.1908543,-9.000529,143.6511,1.2203797,3.224277,-0.041217107,0.38151497,207.4279,1.975886,16.870438,143.0
1.1820514,-8.12063,150.99294,1.2741506,3.2196298,0.009306511,0.43474334,176.80719,1.9677982,15.6933775,152.0
1.2226022,-10.919095,117.68414,1.03267,3.2480056,-0.21389866,0.19478628,355.31747,1.9954321,22.614777,155.0
1.2127978,-10.31353,125.357445,1.088263,3.241407,-0.16315228,0.24942651,306.7801,1.9924088,20.608019,159.0
1.1763912,-7.4726744,155.70462,1.3090193,3.2170117,0.042500652,0.46912265,159.74759,1.9628023,15.034567,160.0
1.2031019,-9.833494,133.39134,1.1459285,3.2332644,-0.109922625,0.30725852,258.99982,1.9862686,18.801004,166.0
1.1641951,-9.092234,136.87863,1.2711073,3.2029805,-0.031506483,0.43476644,898.5757,1.8184555,20.970875,99.0
1.1551834,-13.944719,117.482544,1.233356,3.2135098,-0.084564865,0.39775103,1205.9036,1.6017325,22.082773,99.2
1.156616,-12.277929,122.704735,1.240807,3.20825,-0.07365038,0.40514222,1158.6891,1.6626389,21.583668,99.5
1.1519109,-17.831583,103.99223,1.2196648,3.221161,-0.098938376,0.37511,1223.9266,1.4230919,24.148245,99.7
1.1519109,-17.831583,103.99223,1.2196648,3.221161,-0.098938376,0.37511,1223.9266,1.4230919,24.148245,100.0
1.1519233,-18.345127,102.26868,1.2182566,3.2220783,-0.10039264,0.37170434,1219.3522,1.4075438,24.369595,101.8
1.1550379,-13.53262,118.41415,1.2351983,3.2124362,-0.08207153,0.39970088,1197.1454,1.6102186,21.960516,102.1
1.1519285,-17.333406,105.63424,1.2209885,3.2200444,-0.097800866,0.37857667,1227.1907,1.4398417,23.914562,102.3
1.1519233,-18.345127,102.26868,1.2182566,3.2220783,-0.10039264,0.37170434,1219.3522,1.4075438,24.369595,102.9
1.1519444,-18.891005,100.3942,1.2166357,3.2228165,-0.101763204,0.36826387,1214.2474,1.3931198,24.569263,103.1
1.1529133,-15.482496,111.57491,1.228039,3.2182038,-0.08994006,0.39184383,1226.1389,1.5132892,22.981037,103.4
1.1520517,-18.9529,100.291336,1.2163738,3.2230866,-0.10195335,0.36791152,1214.3386,1.3920382,24.585644,104.8
1.1630332,-9.738129,134.39009,1.2635117,3.202558,-0.04161976,0.42663622,958.76086,1.7944018,21.079304,105.0
1.164552,-9.002403,137.3767,1.2722474,3.2033825,-0.029783601,0.4360053,886.9144,1.8227844,20.956888,106.0
1.1519301,-19.996784,96.34727,1.2127635,3.225837,-0.104368076,0.36105043,1203.2239,1.3679638,24.889399,108.0
1.1649911,-8.724347,138.46634,1.2760732,3.2038147,-0.024952818,0.4399616,858.1582,1.8323387,20.875635,112.0
1.1666447,-8.0883,141.76865,1.2880025,3.206698,-0.009789906,0.45129448,767.36523,1.8571889,20.557125,129.0
1.1666447,-8.0883,141.76865,1.2880025,3.206698,-0.009789906,0.45129448,767.36523,1.8571889,20.557125,138.0
1.1641951,-9.092234,136.87863,1.2711073,3.2029805,-0.031506483,0.43476644,898.5757,1.8184555,20.970875,140.4
1.171751,-6.167554,152.72922,1.334445,3.2178013,0.048731275,0.4946657,429.3559,1.9144878,18.502228,151.2
1.171751,-6.167554,152.72922,1.334445,3.2178013,0.048731275,0.4946657,429.3559,1.9144878,18.502228,153.0
1.1709635,-6.4597425,150.79504,1.3251321,3.2155216,0.037075616,0.48615018,491.88315,1.9065559,19.00967,154.0
1.1734803,-5.668271,156.60577,1.3534839,3.2226405,0.071682245,0.5127068,295.7112,1.9296646,17.086493,157.0
1.1709635,-6.4597425,150.79504,1.3251321,3.2155216,0.037075616,0.48615018,491.88315,1.9065559,19.00967,168.7
1.1693028,-7.0975904,147.06454,1.3090401,3.2120872,0.016593825,0.47109303,609.78094,1.8887705,19.804016,171.1
1.1701611,-6.7710066,148.92372,1.3168604,3.2137012,0.026385674,0.47827905,552.1105,1.8979985,19.440517,173.0
1.1709635,-6.4597425,150.79504,1.3251321,3.2155216,0.037075616,0.48615018,491.88315,1.9065559,19.00967,173.0
1.1736326,-5.68595,156.7066,1.3535181,3.222926,0.07191567,0.51279306,293.27698,1.9300255,17.063807,175.9
1.1734803,-5.668271,156.60577,1.3534839,3.2226405,0.071682245,0.5127068,295.7112,1.9296646,17.086493,177.8
1.2446632,-42.31211,47.358315,1.1143652,3.60933,-0.21438296,0.23028335,101.92808,2.1581173,66.255974,37.0
1.242389,-40.7492,49.40459,1.120885,3.5912528,-0.20762749,0.23725705,103.619484,2.1528673,64.36161,40.0
1.2378265,-37.80252,53.495068,1.133749,3.5570579,-0.19439748,0.24902792,108.92981,2.1418107,60.717926,46.0
1.1981443,-17.413122,113.179726,1.2484537,3.318299,-0.04765,0.38858747,156.12192,2.0232291,30.72681,121.0
1.1867955,-12.61479,131.7399,1.2845066,3.2723165,0.0017014525,0.4394927,162.9391,1.9815428,23.769352,129.0
1.1891496,-13.640953,127.733376,1.2768967,3.281767,-0.008967162,0.42840618,161.7457,1.99084,25.194597,132.0
1.1962879,-16.662485,115.88989,1.2541628,3.3109126,-0.04025049,0.39623034,157.86752,2.0171852,29.62154,144.0
1.1778696,-8.656275,147.89816,1.3178656,3.2361913,0.044917468,0.48401055,161.298,1.943567,18.304829,147.0
1.180006,-9.592146,143.85452,1.3092554,3.2449238,0.03419379,0.473035,162.83441,1.9526224,19.63157,150.0
1.180006,-9.592146,143.85452,1.3092554,3.2449238,0.03419379,0.473035,162.83441,1.9526224,19.63157,151.0
1.1845094,-11.600687,135.75972,1.2922838,3.2628987,0.012401095,0.45067582,163.77469,1.9720535,22.371346,152.0
1.1778696,-8.656275,147.89816,1.3178656,3.2361913,0.044917468,0.48401055,161.298,1.943567,18.304829,154.0
1.1757939,-7.714035,151.96309,1.3264767,3.2276769,0.0551955,0.4948334,158.74413,1.9363581,16.995768,155.0
1.182236,-10.587758,139.8014,1.3005785,3.2537398,0.023184875,0.46186838,163.76152,1.9623091,20.987984,155.0
1.1735406,-6.829976,156.11479,1.3354498,3.2187362,0.06376916,0.50360495,153.85027,1.9351175,15.665332,157.0
1.182236,-10.587758,139.8014,1.3005785,3.2537398,0.023184875,0.46186838,163.76152,1.9623091,20.987984,157.0
1.1842908,-11.473561,136.40935,1.2933774,3.2616863,0.014012819,0.45217705,163.18832,1.9705734,22.171955,158.0
1.2371677,-37.007275,54.476105,1.138558,3.5466607,-0.18829381,0.25258565,112.929306,2.1339138,60.13164,158.0
1.180006,-9.592146,143.85452,1.3092554,3.2449238,0.03419379,0.473035,162.83441,1.9526224,19.63157,160.0
1.1778696,-8.656275,147.89816,1.3178656,3.2361913,0.044917468,0.48401055,161.298,1.943567,18.304829,161.0
1.1962879,-16.662485,115.88989,1.2541628,3.3109126,-0.04025049,0.39623034,157.86752,2.0171852,29.62154,162.0
1.2212118,-28.102127,75.65214,1.1699773,3.4395764,-0.14695661,0.2935078,129.89282,2.1152532,46.818806,162.0
1.1778696,-8.656275,147.89816,1.3178656,3.2361913,0.044917468,0.48401055,161.298,1.943567,18.304829,162.0
1.1757939,-7.714035,151.96309,1.3264767,3.2276769,0.0551955,0.4948334,158.74413,1.9363581,16.995768,163.0
1.1735406,-6.829976,156.11479,1.3354498,3.2187362,0.06376916,0.50360495,153.85027,1.9351175,15.665332,163.0
1.1735406,-6.829976,156.11479,1.3354498,3.2187362,0.06376916,0.50360495,153.85027,1.9351175,15.665332,165.0
1.049051,-41.76194,57.45739,1.4643404,3.549787,0.17121983,0.56178343,78.60244,2.3862286,9.531438,66.1
1.2654442,-48.646065,42.06724,1.0307306,3.6777496,-0.28149614,0.14955373,168.09724,2.1506271,75.877144,35.7
1.2983402,-32.400574,62.243763,0.67106944,3.3999295,-0.55970055,-0.1723868,850.23065,1.971419,55.861206,61.7
1.2903582,-35.488583,53.17573,0.7916781,3.4761596,-0.45709628,-0.06495662,627.23486,1.9877151,59.47347,62.7
1.2843789,-38.64981,48.25594,0.8697963,3.5308576,-0.3967068,0.0024014146,480.01334,2.0200987,63.5378,63.5
1.2714813,-45.31778,43.154873,0.9853175,3.6306915,-0.3121627,0.10779208,251.1442,2.1046522,72.40183,64.8
1.1397505,16.771185,105.3149,1.0936757,3.082872,-0.20658359,0.26959965,557.4537,2.0416973,27.208902,97.0
1.2034749,23.13086,104.94344,0.97386706,2.902547,-0.370029,0.19083278,865.8439,1.5410643,31.901142,52.0
1.0208647,-36.914932,76.73722,1.4274877,3.5500565,0.2852736,0.5418384,79.83058,2.249818,9.524622,75.8
1.0138019,-38.444477,71.31633,1.6429119,3.7351775,0.4255742,0.6927888,45.04309,2.0690913,7.179104,80.1
1.0080849,-35.12216,70.67952,1.8531485,3.946141,0.58463156,0.8297534,54.832104,1.9067914,5.81117,81.0
1.0084254,-39.371147,71.02605,1.8208786,3.9486,0.567291,0.77491605,49.233093,1.9476788,6.081473,77.6
1.0511326,-41.184372,57.20891,1.4504523,3.5364952,0.15946037,0.5540711,78.51997,2.4051847,9.502962,61.0
1.021301,-46.15396,64.38716,1.6751745,3.7721324,0.3911167,0.6887227,44.82417,2.102476,7.28385,69.4
1.010846,-42.624634,69.080185,1.7818943,3.8993897,0.51793706,0.75458103,43.663807,1.9873766,6.098391,74.9
1.1673574,-20.409628,121.22693,1.2852417,3.3265617,0.0038950376,0.41650033,159.59317,2.1032176,12.146045,133.0
1.1600895,-8.277887,136.89828,1.3268753,3.2273936,0.045041107,0.49389988,129.64511,2.100796,12.170324,174.0
1.0614636,-53.516224,52.37507,1.1827643,3.844545,-0.021820659,0.23635082,252.64754,2.1049247,19.602123,60.0
1.1036462,-51.289726,55.176292,1.156902,3.909021,-0.030521434,0.2343914,470.01645,1.7957436,29.040695,57.0
1.103262,-52.627186,35.625732,1.4299023,4.024707,0.122635946,0.4960497,210.39543,1.976708,14.274857,34.0
1.0433306,-61.286476,57.754284,1.5112972,4.4009533,0.31499377,0.39866155,379.59833,1.9186306,22.02277,53.0
1.0464504,-65.86533,54.354565,1.4071429,4.336353,0.20615026,0.3816841,392.52908,1.989576,21.891407,50.0
1.1460493,-43.44787,23.96135,1.2515014,3.8143601,-0.015059099,0.34915054,255.35454,2.0190785,19.351963,51.0
1.1912997,132.66005,269.4594,-0.39236915,1.7857628,-1.7224598,-0.8278257,3082.6584,1.2359827,52.46189,200.0
1.0920515,56.107677,230.89388,-0.2887212,0.610829,-1.3127062,-0.62279165,2914.4905,1.6290576,28.465473,202.0
1.1543179,35.323616,213.36374,-0.34128198,1.190192,-1.5282807,-0.7435442,2462.6619,1.9226255,29.607708,216.0
1.0347599,47.02486,197.78108,0.35747364,2.1266837,-0.5845439,-0.33957452,1698.2484,2.0418751,27.692062,209.0
1.27237,169.36313,322.2028,0.08800198,2.3393846,-1.3787235,-0.65426886,2082.2417,1.0136153,76.434555,310.0
1.1782763,85.328705,269.05457,0.02285554,1.9535431,-1.3086455,-0.55135834,2089.618,1.5820829,47.661274,260.0
1.2923877,182.06503,355.91006,-0.54004717,2.1584387,-1.8764063,-1.0341924,3245.4268,1.1302425,72.014755,400.0
0.9433112,25.611954,229.9639,0.5046378,2.8709302,-0.54224336,0.071596175,1681.7223,1.4676379,41.051414,64.0
0.9433112,25.611954,229.9639,0.5046378,2.8709302,-0.54224336,0.071596175,1681.7223,1.4676379,41.051414,42.0
0.8774026,9.56342,204.9053,0.962675,2.0017781,-0.060093623,0.57311916,1772.1667,1.5277138,38.23665,135.0
0.8774026,9.56342,204.9053,0.962675,2.0017781,-0.060093623,0.57311916,1772.1667,1.5277138,38.23665,186.0
1.0517774,103.716064,246.86581,0.9830125,3.3686664,-0.30960867,0.5791029,3127.2656,1.1604648,62.225525,265.0
1.0517774,103.716064,246.86581,0.9830125,3.3686664,-0.30960867,0.5791029,3127.2656,1.1604648,62.225525,230.0
